x,y,cluster,predicted_cluster
94.94520987759688,-9.28840102337615,1,2
96.38916839089276,9.417863937000217,1,2
87.4611390955938,-6.062317616560469,1,2
105.44141408002434,6.042131624760636,1,2
84.75744567747782,5.878446762624993,1,2
84.57729320332317,-2.123974179272146,1,2
91.34685601195918,-14.52449959033682,1,2
71.35042538192018,1.0539993792004978,1,2
78.10041386952463,11.8806047845252,1,2
78.73451931816845,-3.3318679315769835,1,2
102.01437797653156,10.577324006200215,1,2
87.53359815974235,0.6215068543509084,1,2
80.87242943451399,18.00120795862523,1,2
74.2220139789837,22.660159877903876,1,2
79.09926473032729,17.98476193956197,1,2
78.42057090145414,41.409446518947696,1,2
83.59322670180983,14.28009544262251,1,2
91.20309770985703,14.60401876875757,1,2
84.2749511088976,9.154857406412539,1,2
68.07268527527577,32.64227666627124,1,2
87.86737104655606,34.29161196840697,1,2
78.41469320005889,31.45248096259986,1,2
63.8351380194472,29.13116142803908,1,2
73.0242802947885,48.74658967236067,1,2
80.03872327412849,22.369598446372652,1,2
78.77726570999862,37.951878133149854,1,2
67.66357254714192,49.699442386308334,1,2
83.60211929596946,54.65195611549639,1,2
63.72274568114401,43.979233009931015,1,2
74.21433375153038,58.53397650047091,1,2
64.86124942396674,48.6033217195993,1,2
57.3059959925237,40.15271178702432,1,2
75.17658250152091,67.3047992605772,1,2
64.97940434937232,65.37738937793077,1,2
67.93084279821578,50.461863089834566,1,2
66.5108187972253,73.83507625752856,1,2
61.089007572180826,75.6127706094766,1,2
33.76888301043911,69.66629300703256,1,2
59.32518127525059,59.906789237482464,1,2
57.83066840124085,44.43879340173049,1,2
53.14534152063544,69.27063128029309,1,2
68.52133942228414,61.868622094842436,1,2
44.029841998899165,63.3517752967386,1,2
59.61393266325824,72.94050289901647,1,2
43.480923191576935,76.03437376862829,1,2
48.042132261923584,81.8013708186993,1,2
38.31862398556088,70.01550260503225,1,2
39.6615979665781,59.79764306888031,1,2
44.76390370795879,78.14697873784955,1,2
40.05113456642462,74.25666904469239,1,2
24.02165998966739,73.42421477673278,1,2
32.90245834671848,70.59758523090528,1,2
32.85066080183266,83.61168459208668,1,2
51.43978816861258,82.22848337492034,1,2
33.24916821480768,80.6100866065984,1,2
9.563846492219895,81.92117640435788,1,0
27.414757367878074,107.610069713678,1,2
22.933595084370303,86.74367237252527,1,2
22.539546976805894,72.75085664755278,1,2
32.32992758264495,92.6249819563831,1,2
26.813499164877655,76.63807520525933,1,2
30.919925170887588,72.297746051843,1,2
20.7375596544882,108.7628723709629,1,0
2.929723759758705,81.6949129912883,1,0
11.787682732652357,82.78000353221856,1,0
-6.768502852088851,88.91435482092913,1,0
-3.946162465650815,93.33552801340231,1,0
-4.5859394860968425,104.42657734647423,1,0
-5.299209566931925,85.99085496939102,1,0
8.588018500462065,77.14354637248778,1,0
0.6423836792728608,102.72071346777471,1,0
-19.795780392680925,91.64901142815019,1,0
-3.2136066845957894,97.73051172765895,1,0
-20.275265120445113,76.77350221664179,1,0
-4.780584343830995,92.96984673233186,1,0
-9.589313484876904,93.4425504424543,1,0
-20.98781258870485,92.23481998149587,1,0
-13.348327219944505,82.65915866256347,1,0
0.28996077821603095,94.38761513406831,1,0
-32.36588129879182,96.01772562316563,1,0
-32.28014005870363,97.0823161688723,1,0
-13.022347066167091,80.72041011278174,1,0
-17.043113379166982,92.7274129764155,1,0
-20.51752985862754,107.19665489940834,1,0
-33.24505024180462,80.27739842980567,1,0
-41.730231307320786,79.19978743766164,1,0
-35.640005810626505,90.26983586102956,1,0
-34.12507406822637,94.58808917012605,1,0
-38.77316077566806,100.2672905247799,1,0
-43.54826776987427,112.30734329541156,1,0
-36.62999119620824,75.86606145958528,1,0
-55.56612971279262,88.55292310162102,1,0
-49.04708312172628,90.11765352974606,1,0
-44.01918239947483,81.45802603228134,1,0
-59.14160148826406,66.20607351740145,1,0
-57.04307867717744,89.04669318983669,1,0
-52.322580477190684,67.11378823682142,1,0
-54.59779425347433,82.47353172040985,1,0
-67.01394177218283,79.16791906384165,1,0
-59.41791281553998,65.17283740013764,1,0
-58.22482733383017,81.14427127973302,1,0
-52.75216706614687,84.97081307055055,1,0
-79.1158486039053,63.913873671858724,1,0
-61.92100409635656,77.2527804224925,1,0
-63.62804836618682,109.42901434404195,1,0
-64.7510063793058,81.00864820422562,1,0
-62.574760392898966,74.88325824564198,1,0
-76.8950914212724,74.64101648251162,1,0
-83.07031254438624,63.33131949777557,1,0
-81.76669611417682,65.13322394160267,1,0
-55.30812492613375,44.2242108162237,1,0
-73.10373214759139,45.32010925138384,1,0
-86.16658662117464,70.85584002101022,1,0
-82.25406255118651,47.677262813575815,1,0
-91.4675196403391,63.7090381252326,1,0
-93.00317188234699,57.50664629483031,1,0
-86.59560587854078,47.22639549881082,1,0
-66.9299048393307,58.45396825101116,1,0
-109.90441766899569,52.32445463393177,1,0
-97.51956408517862,57.30285857720956,1,0
-100.04012829769738,45.923992353774224,1,0
-88.24225128120536,53.99670686603566,1,0
-106.43575662075925,40.23766713949021,1,0
-100.2858791276602,35.26940861157594,1,0
-78.94799797563289,44.04981710960959,1,0
-110.2395075477368,47.35398688071932,1,0
-77.39879595299512,46.654256117497674,1,0
-114.76487568348139,29.621177189830263,1,0
-87.8135937547357,25.50123450031948,1,0
-96.9163514827978,38.42000484187341,1,0
-111.45561987463087,28.156305084592315,1,0
-135.39032198951585,16.56857885512492,1,0
-106.25388046312075,12.379372912533043,1,0
-88.11352398443174,8.585250894252013,1,0
-109.50609649648518,22.209105210355666,1,0
-91.31921686254556,4.544558182652818,1,0
-94.68461915821621,16.99431267172249,1,0
-116.67340262334261,19.490023459118234,1,0
-105.36729333158132,6.832918239477671,1,0
-107.11673922348037,6.938033113158371,1,0
-107.09355162035638,15.359438203782966,1,0
-92.73943554559698,-5.701280316658231,1,0
-87.59689954973615,-14.912575138983826,1,0
-110.72932108180362,8.41649542127622,1,0
-106.64227085947701,-5.774148871440564,1,0
-111.73050842852318,-6.5622250133567555,1,0
-115.69632041226927,4.775072923141604,1,0
-106.34212815023537,-12.741530579686561,1,0
-100.98206959315205,-4.832762802898197,1,0
-101.8713788116104,-3.7037115807638212,1,0
-118.26801845670528,-17.696052390305336,1,0
-102.43934695865322,-8.083862718585262,1,0
-110.01168878246864,-15.105778119843471,1,0
-96.87263696706619,-24.283498221589802,1,0
-103.98121572512696,-22.474772851104248,1,0
-111.38828216371999,-11.545554836558484,1,0
-100.67306980641854,-16.47320649623474,1,0
-95.54481563550722,-26.466836255282608,1,0
-101.40919535991922,-31.840799024506993,1,0
-104.57309654849615,-32.09259962545275,1,0
-106.38793063738885,-26.883516756696416,1,0
-115.04052294519785,-13.945115959630854,1,0
-116.37643049476284,-49.033868189403876,1,1
-94.15084101820607,-30.986552754817744,1,0
-98.86445345899382,-34.61824434485189,1,1
-104.56010475221727,-51.85920838871658,1,1
-102.9701533672519,-51.62882184730259,1,1
-93.22645125464766,-48.28302908348913,1,1
-110.4412871267752,-51.96541706174018,1,1
-97.22523122150386,-56.31090983561973,1,1
-108.70490920226628,-50.1410570415881,1,1
-97.12151031285407,-59.53294967220401,1,1
-103.33074097930472,-54.009104138409775,1,1
-112.1115114193596,-72.25000515393705,1,1
-103.78698259096824,-62.13447151711844,1,1
-92.42735036007063,-47.04913876781748,1,1
-85.85619631818132,-65.18206479753391,1,1
-93.48228615003688,-75.36444857071244,1,1
-92.30005227329434,-69.95794315764451,1,1
-87.6745138341139,-77.0508346647705,1,1
-84.45952666000794,-55.13252235621166,1,1
-89.4569472171526,-68.09766080684157,1,1
-80.14988436046784,-77.75460369372729,1,1
-83.45858074707151,-75.21613639119256,1,1
-83.33772156225113,-84.64315847444044,1,1
-82.65176099955177,-73.47472768041433,1,1
-66.93583188532995,-70.37362579048444,1,1
-58.434509476220995,-89.1207435921608,1,1
-69.7315042256621,-81.06344268475762,1,1
-55.01503130370912,-92.39746540129092,1,1
-83.73927882081833,-91.69343201961584,1,1
-94.98135621796709,-92.3088744943865,1,1
-79.70610464336804,-86.86540786782189,1,1
-67.04235172846595,-70.89128341026073,1,1
-59.27428684738682,-96.67073599411876,1,1
-76.05550348192679,-87.19572919830532,1,1
-78.54148699454083,-74.9775364124664,1,1
-51.78827829068684,-99.12454907124851,1,1
-78.9340462282218,-81.99770227439653,1,1
-61.14539845252622,-84.22437725870923,1,1
-74.11964399811527,-103.62441823392403,1,1
-56.27716651480438,-98.15055198547402,1,1
-58.96417263328526,-93.34267670046626,1,1
-63.25413345033324,-101.90650009681488,1,1
-49.4707079904611,-96.21015742367257,1,1
-41.635409864321424,-113.43273607722872,1,1
-62.15359697582408,-90.20088036984004,1,1
-41.53406461238563,-111.21306431475469,1,1
-27.375144918633154,-103.28089068081951,1,1
-29.10872759685649,-104.43046681541426,1,1
-18.295700445627347,-88.17854132877468,1,1
-39.381623546317314,-96.60054717022226,1,1
-28.415229220634053,-93.1720005375396,1,1
-42.48432161686671,-100.49737568733161,1,1
-20.206924213280104,-125.4021549376117,1,1
-40.5707165852303,-128.62104685046987,1,1
-29.370943016055847,-101.42418114909087,1,1
-9.584732335280963,-108.18628549210106,1,1
-6.247167900717541,-123.0124847135967,1,1
-37.48667072031697,-110.00766652579352,1,1
-14.527129843838507,-109.97623340589135,1,1
-36.95347295333018,-110.69387323795503,1,1
-27.23226037796852,-103.21555752158545,1,1
-8.42825952736728,-119.3768662107581,1,1
-15.138669173366953,-120.59213521888952,1,1
-8.532548984396083,-100.42664514247217,1,1
-15.669695090435487,-104.8718178547074,1,1
-9.023524230793125,-117.73140116545059,1,1
-2.702519266314125,-120.00170914914418,1,1
-5.083646726706522,-121.43096846271581,1,1
22.180574685594227,-108.85883461173052,1,1
-2.3889522236847363,-106.78743418895661,1,1
5.553594174701848,-110.80929970238273,1,1
14.879798459006677,-100.65364797239582,1,1
5.486157605670581,-113.57294247982739,1,1
10.084570039549103,-130.37710193467188,1,1
-0.282921905500114,-93.1895734384179,1,1
33.34165919653938,-108.8066170753296,1,1
24.66874932500476,-102.61944820777138,1,1
51.6905075220471,-93.90990251516959,1,2
21.607488759050604,-113.99304142975238,1,1
8.7927415296057,-101.69356259051696,1,1
19.24894781562471,-117.20018568480191,1,1
22.285829802784946,-113.00179519499405,1,1
47.54508065830562,-92.5381481947656,1,2
32.49820274334101,-85.68326385770173,1,2
35.23720099496889,-108.18401803722395,1,1
51.560844284682666,-93.23125748627491,1,2
27.802905866906933,-99.53405478522247,1,1
31.243817466152365,-110.43053768808727,1,1
51.06447641262941,-76.44225961134939,1,2
29.597003759708187,-88.80310018329584,1,2
38.83272923311612,-98.16337790865693,1,2
41.147417526054426,-100.7548286101686,1,2
49.26374150869556,-99.21120060160513,1,2
53.16447974403582,-90.15537289691105,1,2
49.725297559166854,-97.44498235300001,1,2
47.974685669185604,-79.4974120193214,1,2
60.35123227525428,-95.47505801316123,1,2
57.906383690178046,-76.80061131402157,1,2
41.76065778165508,-77.46326081834187,1,2
53.34009646187803,-75.74128127734878,1,2
53.81467639785511,-98.01515505798179,1,2
46.621438363309494,-77.97386112625507,1,2
66.9117075649542,-85.95622688692997,1,2
72.08543015294936,-91.95726102170018,1,2
66.39052629110572,-85.85256097249359,1,2
61.850984654562374,-71.64079131466693,1,2
61.048858149580056,-74.3054669285358,1,2
80.96462752963913,-74.54744392447883,1,2
80.47184203402179,-78.3684253150194,1,2
78.59016585016272,-50.9234687177555,1,2
49.716347548928574,-71.55163205260448,1,2
81.30714728785601,-63.833154797743035,1,2
80.31399911215692,-66.03985186715825,1,2
78.49656587911531,-59.73213976409241,1,2
90.29817853971952,-53.785395078974084,1,2
82.94720264469328,-58.5822875797175,1,2
75.606643005877,-56.90351103470351,1,2
85.29906718804303,-54.883509115782715,1,2
85.08406372781417,-27.997550658755934,1,2
91.68889562314205,-50.07269059014628,1,2
95.7403381708286,-48.93795846239706,1,2
64.05639167196955,-52.96752778303243,1,2
66.39773241925677,-44.41683427790794,1,2
85.91613354510224,-22.1388065716944,1,2
89.58553041740741,-39.08298734961531,1,2
95.15237192469799,-56.98034180656438,1,2
89.71403586840167,-25.126435072196003,1,2
73.02889761558214,-19.353628649706696,1,2
91.61368914781299,-32.89101059758057,1,2
94.92742236811334,-3.969946093566314,1,2
90.74589584688377,-22.12609699323789,1,2
84.61786113604535,-31.031767051078383,1,2
97.7555477022698,-29.0136845858541,1,2
90.36494829714434,-23.14435880088275,1,2
94.59247110029106,-12.942430900061932,1,2
100.28768245246484,-19.287729361467463,1,2
87.27931899455083,-21.88187914615884,1,2
85.55706739923889,-6.226995069551592,1,2
289.92219791148597,-20.072528479124305,2,2
292.9054311407313,15.845895267589679,2,2
275.2081720088396,-16.60533428528477,2,2
311.3909134031443,6.117555373432829,2,2
270.30843224369534,4.310649976873769,2,2
270.29668301594705,-13.165642047766678,2,2
284.2472639598022,-39.42844903436195,2,2
244.72852093158954,-9.72190955640567,2,2
258.76500621971593,10.493738724470663,2,2
260.6318066881475,-21.354281355675777,2,2
307.85185015420444,5.057100651002337,2,2
279.61197286869395,-16.243885671111663,2,2
267.0722580603402,17.145382845944177,2,2
254.61453884589733,25.113930436204704,2,2
265.27215473200437,14.436104749431102,2,2
264.8773628713026,59.98230865351459,2,2
276.24419574277056,4.445832289262121,2,2
292.54379415131245,3.842809884689075,2,2
279.8250679698131,-8.277975747394834,2,2
248.6151556016203,37.50429315697347,2,2
289.4555068185148,39.64175999951679,2,2
271.8567660348012,32.83511733794277,2,2
244.05914777276487,27.09836196977492,2,2
263.85301101019854,65.27079102201265,2,2
279.35073944591636,11.495477079639635,2,2
278.34907596993935,41.677189870659305,2,2
257.6944644307563,64.22932685758713,2,2
291.1949387885084,73.2325685317804,2,2
253.10923083271445,51.0278727925664,2,2
275.81412683682726,79.32195621244972,2,2
258.87735109433885,58.69037730744071,2,2
245.5828733995691,41.065288468211406,2,2
283.18564626947347,94.69323823172644,2,2
264.69736664040096,90.21105714467603,2,2
272.5496753894987,59.80270322038174,2,2
271.7012654963362,106.02305973477267,2,2
262.89031174967164,109.10475655198267,2,2
210.32256005741556,96.79160807905808,2,2
263.5462552274405,76.90700028692208,2,2
262.7056767226312,45.66106893238496,2,2
255.51954168908304,95.07150574877701,2,2
288.49082666130573,80.07196143993042,2,2
241.76056705500247,82.90143874062686,2,2
275.2135826086607,102.00171657667447,2,2
245.26312769009442,108.1728581584442,2,2
256.7304490034108,119.75172488760003,2,2
239.65626329188927,96.28719908571178,2,2
244.7415381072192,76.02186302899695,2,2
257.3705212810974,112.95489291311958,2,2
250.39292950357495,105.47337906776447,2,2
220.80401347508234,104.17306244666084,2,2
241.05622425333024,98.95058854320396,2,2
243.46230169553778,125.47643976721102,2,2
283.16774886913214,123.27519796338422,2,2
249.32966737147666,120.67168042657623,2,2
204.51657970717824,123.99582472153023,2,2
242.78877207497928,176.14480383922142,2,2
236.40803721969286,135.2529340206388,2,2
238.21114160380023,108.17842953995965,2,2
260.39109437086023,148.90844387550732,2,2
251.9637891413651,117.98743012718776,2,2
262.78691168538006,110.43097130007968,2,2
245.03551952660996,184.55715100989855,2,2
212.03459567480942,131.68917874638626,2,2
232.3650034181436,135.19958135330677,2,2
197.86518955022672,148.8809996850193,2,2
206.11881439762013,159.20873868736797,2,2
207.4429048782435,182.94905275702743,2,2
208.61301854758887,147.7087552763585,2,2
238.97544265987764,131.71828935906285,2,2
225.6617567413192,184.64981391625966,2,2
187.3509272205859,164.3566372564707,2,2
223.06698565751105,178.44286310438864,2,2
191.47988884084197,138.52499070615545,2,2
224.9882760527469,172.98663402228377,2,2
217.87094632982345,176.0736524033536,2,2
197.55347840116696,175.87227086782696,2,2
215.28968227425315,159.0072705478209,2,2
244.99949851126183,184.8224860413078,2,2
182.09536985703033,190.51268995459037,2,2
184.64703594789847,195.14319744087675,2,2
225.51375199510454,164.99168127076695,2,2
219.7926205009395,191.6485416926962,2,2
215.13179142631327,223.29999143168553,2,2
191.9306968281601,172.24407140890958,2,2
177.1785713106272,172.9405487244019,2,2
191.53990693213504,198.00089432101635,2,2
196.7116708112839,209.62560610113755,2,2
189.51679226126888,224.03954144628398,2,2
182.0256580313003,251.2418424800098,2,2
197.87747873390674,181.5474370980978,2,2
161.975073192744,210.17454622091674,2,2
176.93607193128423,216.62185029679827,2,2
188.86625785749862,202.6840910993074,2,2
160.4457434205457,175.62449530736598,2,2
166.41552858173165,224.8119841748361,2,2
177.57617379095237,184.51345723403972,2,2
174.69081544163058,218.86032042731347,2,2
151.46753948939147,215.93559144181643,2,2
168.21111492654006,191.69003878379647,2,2
172.08987017480666,227.43459358576823,2,2
184.467430532348,238.94537081324063,2,2
133.11057272668285,200.74409111350798,2,2
168.80766417478438,231.38827706748077,2,2
166.63652941386292,299.75972812557865,2,2
165.5677958143354,246.98939719792554,2,2
171.03039992654075,238.8592145890355,2,2
143.43150518185746,242.54427308200755,2,2
132.05323589814734,224.1420860367492,2,2
135.5618234790487,232.0094589041172,2,2
189.3083046719119,194.5000183255882,2,2
154.4732423011893,201.04406022681147,2,2
129.02935524013665,256.5100374060054,2,2
137.46077960499184,214.58825464191807,2,2
119.56370903657246,251.12659305925334,2,2
116.94465765800763,243.2345487895446,2,2
130.13342397204292,227.2232495631989,2,2
169.75884337602224,254.2625483225189,2,2
84.02325049736245,246.62109030854762,2,2
108.92486944653184,261.22732625294583,2,2
103.9332269380935,243.14930201558352,2,2
127.49516821052946,264.00311981226037,2,2
90.99020578652085,241.22048986704658,2,2
103.08706267874892,236.0448436646163,2,2
145.47420654088938,258.39029458994486,2,2
82.51610838282093,269.80535468090136,2,0
147.73528593189207,273.23300638088523,2,2
72.45304269858693,244.01264371211124,2,0
125.71704806067474,240.63550870407437,2,2
106.78389805910166,271.35101283402196,2,2
76.88808495191921,255.71503313338314,2,0
28.111232810936187,237.44268628618045,2,0
85.38600277754023,233.97728212717846,2,2
120.57748039717481,231.3101518866206,2,2
76.61155749046316,263.48527273764296,2,0
111.71261307756181,233.0880708390882,2,2
103.61683303465284,262.92212335960215,2,2
58.18171041474356,272.8489020171361,2,0
79.24352231692274,252.469015842992,2,0
74.10114001228462,257.6106829513108,2,0
72.4107460918606,279.3801825624285,2,0
99.28877398321708,242.17881984505246,2,2
107.6500884429502,228.66781688923965,2,2
59.36785494000542,280.22717998093617,2,0
65.4308910247032,256.7348678123441,2,0
53.049675302445266,260.0335626039905,2,0
42.81967101057225,287.5669902790098,2,0
59.13611080007077,257.3747125316624,2,0
67.37083298765069,278.01338699957563,2,0
63.01352256367353,285.0709504930194,2,0
27.54844627919295,261.8621656254549,2,0
56.44111824013439,285.8369928887827,2,0
38.43915937044563,276.51627934874165,2,0
61.767692291485915,262.85474744188997,2,0
44.50901606299177,271.13502353091104,2,0
26.56180266565635,297.62333310946184,2,0
44.76800986387018,292.3630886292614,2,0
51.709627011466765,276.9342170701844,2,0
36.57580438923515,270.7061599840214,2,0
26.75330679506551,274.6820674430267,2,0
19.53988936914571,289.5375509030816,2,0
-1.4374826129225369,319.80765806455304,2,0
-7.869269576836523,253.97763651918086,2,0
32.734844130734444,294.3721286550321,2,0
19.374189012073234,291.3591983838573,2,0
3.9638566156269626,261.07654119668774,2,0
3.0399321922883686,265.683643351608,2,0
18.339550527149083,276.4668708984387,2,0
-20.36099091221174,273.1373200391364,2,0
1.7180781906670486,268.4234289063149,2,0
-25.6755471209539,284.68040132283465,2,0
-7.023263724126643,269.75237599588377,2,0
-24.03546797293724,284.59265912587017,2,0
-46.26892928564707,251.83863936373024,2,0
-34.368884425048634,275.73105696576306,2,0
-16.474606232339223,309.4950391902524,2,0
-8.232105675388727,276.75288977944894,2,0
-28.457729011752576,259.84065221055016,2,0
-31.13912351022242,274.0334843145937,2,0
-27.0050778983926,263.15330109134794,2,0
-25.76202273881494,310.21981513224785,2,0
-41.01235882793111,287.4422529704603,2,0
-27.72096119419149,271.2024681441335,2,0
-39.72694243635682,279.2734766420403,2,0
-44.93827070005333,263.3320925214624,2,0
-49.082423175554126,288.4988406006824,2,0
-23.22820589725658,297.44682529663964,2,0
-11.863281901515684,262.6129612930829,2,0
-40.15355733487768,281.3012505091104,2,0
-16.473921080943107,261.11896282327746,2,0
-79.7311818069513,264.92364220701006,2,0
-108.07796535457622,265.99903980391406,2,0
-83.44233611518344,279.1007716387728,2,0
-64.08030721465747,313.17121285403573,2,0
-54.558591675869906,263.64080346634086,2,0
-94.18268780268447,284.52455864873673,2,0
-105.26185539014133,310.79890699965307,2,0
-57.9064437232433,264.24607453801934,2,0
-118.39103707945185,300.14323391270256,2,0
-89.04707709194659,297.23469989401633,2,0
-121.26738865487292,259.879896122968,2,0
-91.89092708640607,272.1725163121703,2,0
-103.60827557904125,283.0319469855393,2,0
-118.56452889724255,267.0459915967413,2,0
-97.40514103576447,279.477634889931,2,0
-88.17125927893919,245.9679940144873,2,0
-135.67170436453722,293.2631093176599,2,0
-100.92215742071811,251.96539909045842,2,0
-79.11735967638508,268.4510617578648,2,0
-89.1191546312076,266.6673245167483,2,0
-74.04736990781349,299.58017023503197,2,0
-122.79116640528397,283.0382515509578,2,0
-107.44603899985063,290.0900932898574,2,0
-142.1856165078415,275.5263430626459,2,0
-104.24395748741097,225.69567146345892,2,0
-151.5944245718575,219.12833589063126,2,0
-135.82550249429448,273.28379088239467,2,0
-102.88943857039698,259.4123347212618,2,0
-102.85438347205493,229.30351109032136,2,0
-171.9751582832801,254.74737778750287,2,0
-132.69751609815606,254.13500305456813,2,0
-184.18928401846463,251.91492437918058,2,0
-171.38155200173634,265.97715214646314,2,0
-140.40182254758474,232.6505200132588,2,0
-160.44246008200128,229.10638993294668,2,0
-153.83955084743138,268.21427472611543,2,0
-174.71065485434713,257.9914448942226,2,0
-168.00057499836905,230.83055928361108,2,0
-161.92424890583854,224.7391843965341,2,0
-173.2335848488432,220.2211017052444,2,0
-125.23159957218672,243.5972750525937,2,0
-180.87447174936733,245.86376609084317,2,0
-171.46854816778315,235.83586452465084,2,0
-159.2686562914817,254.05553119885124,2,0
-184.47980617398235,226.01827326766625,2,0
-181.67621316611536,190.10472690579255,2,0
-208.77181379989625,262.0685108155486,2,0
-147.84868422367327,228.31765685947698,2,0
-171.4839940773263,238.07032526829394,2,0
-123.69147826652598,252.76347434508233,2,0
-190.068092018514,209.76764935954088,2,0
-221.8658164798157,231.43416138948677,2,0
-207.0773795623627,197.38631537096614,2,0
-207.08144328532245,202.64712432202572,2,0
-162.5927429862906,240.33789345147324,2,0
-198.6664116569434,250.7114408270372,2,0
-199.11659393287218,202.27490788524523,2,0
-172.34392412344926,228.6475306462358,2,0
-225.67904605437005,212.41212949673147,2,0
-224.55930562531518,186.89345012112224,2,0
-190.62113726278122,251.04942213230856,2,0
-239.19854840098964,222.41335756654829,2,0
-226.3071502907848,199.68572513298562,2,0
-227.19370610784938,190.40419289477043,2,0
-216.4111852230172,189.30243747286255,2,0
-213.99236885043084,203.13590716346224,2,0
-226.1842885751293,184.19056717412457,2,0
-234.92834976533285,215.63292243256817,2,0
-215.3457880261189,179.1394833304525,2,0
-225.33214858747485,211.86620161565324,2,0
-262.6448600461381,205.8360637507364,2,0
-244.43033000360032,204.4939144922804,2,0
-248.34712425126742,155.08021281139315,2,0
-267.51970866080086,190.21845335693843,2,0
-231.64400911378777,169.23246219397126,2,0
-225.9187390508759,152.13373053322746,2,0
-241.8466938889993,159.17259915871722,2,0
-255.37856257099958,182.3533010641295,2,0
-261.3489366581239,171.71039448143128,2,0
-225.79558361679446,165.84378039145082,2,0
-230.97016604706377,152.75169052991973,2,0
-238.83214924997378,202.1256713215064,2,0
-300.58686283528255,155.2892918151974,2,0
-241.31964677929506,165.08378049255435,2,0
-247.12652727298274,154.96723682330367,2,0
-254.48710730894553,161.82057825999948,2,0
-234.51368853934633,167.8948225348668,2,0
-252.74853867030635,152.42642076337532,2,0
-270.8646825306864,149.85579507421883,2,0
-254.81605546491826,147.9158860713367,2,0
-258.4825872563853,195.6580015733809,2,0
-248.40889549428564,145.42989401331994,2,0
-243.34061022886328,141.57538261423338,2,0
-309.64094887510635,127.34801397055075,2,0
-307.7878145369079,138.23882475480463,2,0
-271.4769545936321,176.54387958394742,2,0
-266.7598301753212,136.3660279175218,2,0
-258.14291384298826,94.24528637576762,2,0
-271.4308590383328,151.592483100822,2,0
-307.1063629961567,156.74486408591048,2,0
-272.1354488480168,123.24623201433435,2,0
-267.5996191931895,174.63584433005465,2,0
-277.9468427749888,131.8443733155225,2,0
-292.07922200396393,107.52921484121885,2,0
-267.57194322613645,105.0389222237223,2,0
-284.01270610053365,110.23049277144521,2,0
-277.10841941393005,124.06866473665936,2,0
-267.1597156987076,104.79580595054144,2,0
-294.50892702195796,93.01069458632199,2,0
-299.17652557224795,117.7111315961645,2,0
-276.30834340689876,89.29048098596937,2,0
-275.191582767749,132.40491916773848,2,0
-285.4286271049623,140.37635826882854,2,0
-310.2646819985214,75.485731010714,2,0
-331.43273674352076,127.82839572596077,2,0
-283.818227127538,94.31500096527178,2,0
-292.33106658646983,70.4267986663502,2,0
-250.0179061741389,93.021789444908,2,0
-297.7250835537353,102.44458679651603,2,0
-291.2502765571869,89.89012770998546,2,0
-317.61480297158323,92.31651443895944,2,0
-265.0769722097097,107.26195891465329,2,0
-271.74309999908274,67.58756990707892,2,0
-324.26544979133945,72.74659000346045,2,0
-304.2024566427721,94.58892868190323,2,0
-339.986861666304,100.73140557604793,2,0
-310.09528779316923,59.03081626136172,2,0
-327.95166038489305,31.892287512509505,2,0
-291.99742417200633,63.86991618448525,2,0
-334.98807620357707,33.909478228730244,2,0
-316.6092752829697,90.59255081537864,2,0
-315.7667753658614,24.544107087094446,2,0
-316.1477657185943,46.54132968581643,2,0
-365.8051294408749,48.29293814862952,2,0
-317.0970642587206,60.68040748316285,2,0
-276.0866645304874,66.65964708858957,2,0
-319.00736139121,19.36472796283583,2,0
-262.7025356175688,40.04155993001838,2,0
-314.40758938034764,35.73189263351744,2,0
-311.21718136423175,30.679860201112312,2,0
-327.12103620732273,19.978247905392926,2,0
-316.7479613135686,17.391187461434367,2,0
-330.7710558910725,27.72865542221814,2,0
-322.0110394643076,53.016604734989734,2,0
-370.30432469824063,42.10011678374605,2,0
-292.71270654439076,-23.86783457887163,2,0
-324.8136644324508,7.498113731831168,2,0
-346.41164266929184,-3.3052556986599697,2,0
-340.75039168508994,44.61803552920563,2,0
-300.07872033562245,32.32289457091339,2,0
-304.58818734553967,-18.372243351779307,2,0
-329.7172829074457,11.311332252972287,2,0
-343.8505747063204,13.097124462241835,2,0
-324.371544835359,-11.347463127353375,2,0
-305.47872059832457,2.3447153348754437,2,0
-327.025980409378,13.955456857659701,2,0
-341.5125060553043,0.39611699258426114,2,0
-308.0896352193498,-20.80563064685057,2,0
-313.465254406419,-42.32951398340656,2,0
-301.519459615862,-23.698042728859612,2,0
-330.44237526164216,-1.7125730275615094,2,0
-334.03853418957266,-53.55452406670022,2,0
-351.02382297378443,-15.957205826785987,2,0
-345.4152441429221,4.327022849312758,2,0
-361.33650812006886,0.4696782606464609,2,0
-315.34468752814394,-38.08321526104622,2,0
-330.30640026466045,-30.854433571752452,2,0
-319.97957163034715,-19.457803388083292,2,0
-316.73707565316363,-41.20275684332752,2,0
-326.0645324428489,-48.03070514545123,2,0
-312.38283939793223,-83.77599451386547,2,1
-345.22511721704973,-37.38579617270303,2,0
-314.542603788285,-58.60659777880038,2,0
-317.2657317330355,-50.64833596205773,2,0
-328.0801221365677,-75.83607425334273,2,1
-312.9945900139369,-82.5042005156364,2,1
-308.34908512323983,-99.65172295313681,2,1
-295.5097831627358,-58.8077332358486,2,0
-310.5272013834405,-51.2616070512903,2,0
-281.86938769033736,-53.279667139228216,2,0
-351.5036598452395,-101.80593371043133,2,1
-326.66610323647967,-78.33537024551174,2,1
-303.276407170731,-96.01012240073834,2,1
-309.33045113985276,-99.23600514470067,2,1
-324.7087297143861,-114.88950212385859,2,1
-330.33206150426156,-116.41252759131224,2,1
-330.7503694964221,-70.92296514861285,2,1
-329.5629261152282,-41.959324852708555,2,0
-300.0272232795495,-93.51539783569311,2,1
-326.3560138123803,-85.80485608182254,2,1
-319.97359237600017,-99.96336054780974,2,1
-256.5078821143139,-106.91061894431769,2,1
-283.949663295876,-121.63196616282767,2,1
-306.8373388819469,-74.72438647412525,2,1
-317.85629604430153,-76.45612715254549,2,1
-290.31831467705837,-126.51166392333857,2,1
-290.95867775076033,-98.36079444316782,2,1
-290.28126289486653,-151.7580523893627,2,1
-316.34805737917446,-127.83752000726945,2,1
-302.3591297739221,-112.99900527338909,2,1
-296.3589594271682,-154.636141492744,2,1
-291.32898874635623,-118.22565089972679,2,1
-286.7346301542455,-111.3209651012251,2,1
-280.22709716364113,-126.24309279891195,2,1
-297.2616459946082,-171.12672816649675,2,1
-286.19653363379825,-136.22507133367995,2,1
-288.2657484255289,-168.3754135340732,2,1
-314.20483197802764,-124.2291049249812,2,1
-292.239218816939,-134.1037735220692,2,1
-289.7242928481166,-149.56999894535238,2,1
-270.34575219657074,-162.9068634663154,2,1
-285.988099045046,-164.24163970173706,2,1
-295.3779404775043,-163.57886510029297,2,1
-281.00135541224734,-169.3586141400169,2,1
-259.0635370455511,-180.0527447862895,2,1
-286.6294368963863,-173.32072339599802,2,1
-252.64461018908415,-162.94886605928411,2,1
-259.6183657259426,-198.93319463470598,2,1
-273.56437168051997,-153.75937437988145,2,1
-275.88895829505145,-152.56017572046468,2,1
-286.4889192025117,-147.9882304193709,2,1
-228.75306299427314,-185.72476376471832,2,1
-282.20842807862,-151.6803489513449,2,1
-240.253879262809,-193.47233388150696,2,1
-278.775712458308,-190.90478661284072,2,1
-295.76746839223495,-205.88277911858262,2,1
-287.4477040071837,-205.09284137674683,2,1
-266.52508731065524,-187.2660700059462,2,1
-233.2680745380321,-214.11706641524773,2,1
-243.01865034295264,-200.61535257225196,2,1
-262.10183224228535,-185.010568987279,2,1
-281.95503234305653,-193.0157651621435,2,1
-254.5402856082815,-192.95738038867944,2,1
-250.43553018024727,-155.828120169623,2,1
-267.30424442543534,-217.66687965765627,2,1
-265.3238998514013,-220.25423059661915,2,1
-263.90171537886727,-187.44686630245576,2,1
-221.01814784848244,-224.70922478333776,2,1
-264.3311197504513,-205.91751649534388,2,1
-256.9659006867028,-204.72298142680341,2,1
-240.08220893541898,-249.71638766597226,2,1
-211.39173638835533,-185.48777417589062,2,1
-252.7808717257408,-231.14695435268587,2,1
-232.97328041192546,-218.674995978866,2,1
-223.66757369476096,-187.11470392073227,2,1
-238.5078044530187,-245.2226993144797,2,1
-260.66832568070777,-245.79645562352175,2,1
-231.84039428215948,-197.1907838500613,2,1
-239.60898040443425,-230.49310087035963,2,1
-227.6472526175146,-213.07059367925567,2,1
-174.82548326113425,-249.30796368482982,2,1
-233.1817120043308,-219.64188037467147,2,1
-207.76749784527502,-205.4076939002357,2,1
-207.7229416595085,-251.326511168186,2,1
-205.56852116806772,-223.747368189425,2,1
-198.93618399912486,-237.53852766622063,2,1
-191.96080511656535,-226.04232099936598,2,1
-183.58401710385652,-238.1797750809438,2,1
-212.48704981975138,-249.9268155942393,2,1
-182.91676122745298,-270.88815816015364,2,1
-197.56065679038306,-264.0856793049507,2,1
-202.23150921014624,-232.3002925203965,2,1
-196.84197872542674,-258.5718609486873,2,1
-225.70408165020973,-246.18748672869205,2,1
-183.42589206492045,-219.44000384637502,2,1
-200.30555029953211,-259.8950778410347,2,1
-186.9626909824617,-234.28232396764997,2,1
-191.64280072240354,-261.78445815673535,2,1
-175.35180999456819,-265.146275708422,2,1
-194.19776672664136,-266.4901762584246,2,1
-161.54249834124636,-292.37562816564434,2,1
-178.0886450107616,-287.3007939493879,2,1
-154.5670599774286,-305.19476356233343,2,1
-187.35361616851458,-268.5989126992136,2,1
-142.55930263708507,-278.84964330201956,2,1
-182.65598082621435,-241.28223560909322,2,1
-198.18226518229162,-324.23137564771685,2,1
-158.07967258844923,-291.6252523632108,2,1
-184.9507585731291,-268.72487506717187,2,1
-157.28458446647565,-295.46023217175593,2,1
-185.38972968016543,-267.99488427931857,2,1
-144.39139907174717,-288.67153320444555,2,1
-118.06339400668321,-309.31220991038856,2,1
-183.09647232046305,-302.9495897137154,2,1
-151.07684206237744,-285.4238713842719,2,1
-152.5585086266485,-284.4070078095199,2,1
-170.32295047544835,-263.70840908839705,2,1
-144.48346558551873,-271.35140853767365,2,1
-133.52431814938842,-285.6538336333742,2,1
-126.51216389153305,-286.9041605650889,2,1
-122.57223918613002,-270.3224896519705,2,1
-129.00615621828834,-283.7503639610959,2,1
-132.2320796911481,-270.13060145748585,2,1
-141.45710035972772,-263.8941707876169,2,1
-126.21560623728972,-329.4859632342821,2,1
-120.32505899802376,-315.42634701217463,2,1
-103.54068701177928,-315.7699417252582,2,1
-126.73555209999834,-341.39764715078115,2,1
-124.30845479043508,-352.95093991874694,2,1
-144.38315478219874,-290.1086617656601,2,1
-94.42439601381902,-297.6284178363083,2,1
-126.9079605228944,-307.88935694442904,2,1
-105.06147173163642,-330.87686666354045,2,1
-72.33559080537432,-290.91359003973116,2,1
-104.23033714659586,-308.65114142886534,2,1
-93.04446415063977,-350.72827866565297,2,1
-99.55051379986853,-324.21463329854527,2,1
-112.02820127866829,-316.8549102945945,2,1
-53.42510494199546,-299.0505393567032,2,1
-98.17985998255031,-301.02671802742395,2,1
-56.1412377659144,-294.5731127711389,2,1
-80.30263873926577,-326.56832313422484,2,1
-64.89272497745696,-306.30002397413097,2,1
-58.310529975163,-301.98273918496716,2,1
-52.576014133204346,-325.88358081080025,2,1
-44.56754541751427,-311.69580397587,2,1
-26.754465431604388,-329.87665227104003,2,1
-30.88077480507536,-312.5559245682762,2,1
-75.96510503562507,-326.5892117969769,2,1
-66.6769259091831,-308.80160960234207,2,1
-47.14326030858139,-329.1084104731149,2,1
-55.41402289696667,-275.11450537860657,2,1
-17.700214651143455,-309.5349353814548,2,1
-48.812557097369314,-316.1382482414081,2,1
-34.62143321642177,-339.24813950253986,2,1
-49.356322821032194,-352.3933101039562,2,1
-33.539378576308366,-306.2829587877954,2,1
-48.50088510478171,-287.9282832626808,2,1
-60.66426628368555,-348.8525344763927,2,1
-28.970412733955094,-298.75595391015133,2,1
2.9096930387826134,-328.98434235037524,2,1
-6.503788185073091,-320.66140889332047,2,1
-28.837844138245778,-302.278461628984,2,1
-9.646299976031262,-351.5157579909463,2,1
9.530806994517862,-292.39817291705094,2,1
-29.81849648589131,-312.07184418251313,2,1
-4.734098134916215,-314.7381850622393,2,1
-22.928698223209775,-333.32370686206735,2,1
-9.742220629454522,-296.35207670780915,2,1
4.33145219704307,-327.1102066041165,2,1
11.582927236605244,-376.5358892847978,2,1
21.81246986623592,-354.20229410404346,2,1
-5.724977799649071,-341.6202754743731,2,1
-21.684837441853198,-295.80509287883405,2,1
-2.462231355207834,-311.86221056395743,2,1
8.634215083149265,-308.998058231311,2,1
13.787515874362416,-343.9212532587069,2,1
34.852267440689445,-327.8350442140701,2,1
-13.531667903904015,-326.19671361366164,2,1
50.285175557982804,-300.2804936881106,2,1
15.963702275178548,-323.8966492022591,2,1
19.167349844032323,-274.97918056631244,2,1
35.89839192874038,-307.49206296542735,2,1
51.52109581083727,-310.8720128891878,2,1
28.38622552317688,-319.1058735612885,2,1
34.782369187436004,-315.43061994880344,2,1
53.40978212246799,-313.1308139664201,2,1
56.14804768198047,-315.24391918228514,2,1
45.70105030395588,-353.02980012003655,2,1
65.0828336809439,-305.54860413658724,2,1
69.33903767617858,-369.7925041459173,2,1
93.76329517638416,-314.02469699997897,2,1
76.77062248420656,-331.3730668811,2,1
69.46759841084186,-330.96189256064036,2,1
47.335674456086366,-270.9082311314203,2,1
58.589908825450024,-304.1121783876502,2,1
82.39077556359976,-297.79593512023763,2,1
70.57681576318132,-299.635909772265,2,1
118.20871089160079,-307.2899450126794,2,1
76.72707924678352,-284.30386696839383,2,1
97.37284706461287,-280.7327472749603,2,1
90.58648787628609,-326.4669307864804,2,1
113.02218863757531,-325.6443699995843,2,1
88.93985660101986,-316.8908308630643,2,1
84.1296802925429,-294.2952129858516,2,1
94.35639862754743,-291.4745643611276,2,1
122.71159118657617,-289.8622597361959,2,1
88.05344690650443,-278.64869574709917,2,1
119.21610416197336,-321.4576965573591,2,1
109.85551089317418,-281.8348769192172,2,1
94.4275550097423,-267.2747617502176,2,1
99.83933027701647,-291.1857961000056,2,1
101.83072550596174,-292.27212021823306,2,1
85.8082857316175,-320.2491333916919,2,1
142.0552229997668,-307.22988733709235,2,1
92.75812191284179,-332.17923058816496,2,1
102.21689897384613,-314.37231045201565,2,1
150.23572583364745,-266.4916741420054,2,1
106.02063480319276,-240.3953147380355,2,1
141.79590848173143,-290.6752872271939,2,1
74.53798793304301,-237.07315256134427,2,1
99.08851225424365,-314.49214281529663,2,1
149.67339581415922,-231.4602083885299,2,2
159.23744666256044,-267.62719459685803,2,1
145.7648700550775,-260.46632690495375,2,1
151.35375101881777,-270.51932172111674,2,1
140.55201463496266,-275.98288802464856,2,1
125.66874671636528,-278.91187918794014,2,1
109.15599705453374,-273.81211471331835,2,1
125.49727229261237,-292.44376246070624,2,1
151.1076232119682,-241.03841244465744,2,2
168.10322219471047,-298.7749007446059,2,1
132.15780192526975,-247.01596580315538,2,1
134.50023772970562,-268.7707473942542,2,1
167.33661766823292,-282.07198740975696,2,1
160.61446895353023,-287.7930679476008,2,1
148.63660720680025,-253.1049532289598,2,1
130.94653099820889,-249.05983501333475,2,1
164.54136698930716,-245.16910397006077,2,2
171.52522323891324,-227.2666361409321,2,2
171.6491782663722,-261.44920014541106,2,2
173.6731469852525,-240.28801225200914,2,2
174.27150031486224,-248.61639898420202,2,2
161.30599386693672,-260.94202663938586,2,2
149.32951234591988,-210.92990493734453,2,2
154.52424065820188,-257.9987733083631,2,1
167.0371823264171,-224.44335287606773,2,2
177.49392958812555,-215.57025646257853,2,2
171.894319293729,-233.1107049819476,2,2
170.61185363086423,-193.93547659274975,2,2
165.50478604312036,-228.77244569859718,2,2
203.85339244332533,-224.8059591713873,2,2
189.3761879428628,-233.77426881935216,2,2
195.84508934271966,-232.19679445628068,2,2
216.11604148411558,-183.10833466423242,2,2
187.5407525262667,-252.76019137018824,2,2
198.75945694902782,-171.79873640088,2,2
186.26834905556169,-188.62299152892,2,2
237.6946856339735,-230.47327020018778,2,2
217.30110138478872,-184.81368531934308,2,2
200.10145346861685,-219.4174348251194,2,2
197.7946145293065,-233.58943352220575,2,2
198.1684219314165,-235.7060022598522,2,2
213.54275868809026,-224.54415283458718,2,2
219.22516297622388,-238.16485348169266,2,2
222.83650770269264,-188.2635437356626,2,2
177.99461692111333,-195.32527427189115,2,2
244.05397176127613,-224.85678045964892,2,2
254.56400578599053,-190.1265786432905,2,2
208.60486119731604,-197.45095724089612,2,2
235.44462264474797,-192.6298777722239,2,2
236.60650941184684,-210.36383651826412,2,2
230.7521051528636,-218.01118001276413,2,2
226.6539369445752,-205.58789301819476,2,2
215.66137726459542,-160.54723093142206,2,2
253.67152458930852,-170.83237092029825,2,2
211.45212235715286,-187.07620748759518,2,2
258.9929794662416,-175.63365428312738,2,2
282.5297410001379,-168.30882243519537,2,2
241.3756204103604,-180.05211250582192,2,2
241.57619509355067,-174.6013870199613,2,2
254.417430049087,-150.08794083807504,2,2
225.8643786659996,-193.5046206606715,2,2
206.167896551093,-154.36627569226394,2,2
222.11132743354375,-205.21841060094954,2,2
253.21560293554077,-109.92365135809176,2,2
246.56659769806004,-140.6256071418876,2,2
249.54710175481682,-156.9739269914594,2,2
267.49295797584585,-158.3914597857413,2,2
255.63850665216367,-143.73116561134748,2,2
238.08630666694484,-127.89294047879145,2,2
249.08450603595406,-160.4070651814964,2,2
264.4275220408443,-160.8098016534881,2,2
255.35252116383245,-140.56120500982658,2,2
277.57624308206664,-128.41354483857833,2,2
256.4050010797162,-119.07136839947518,2,2
285.73459009321243,-121.78037348528053,2,2
259.1399981633429,-156.6740904524068,2,2
238.61070618432566,-134.0337484056357,2,2
248.68021714873538,-129.15187328411204,2,2
262.93831236061914,-112.29329220910495,2,2
261.3074865780286,-110.62352511502974,2,2
264.896320828073,-157.3212147627802,2,2
245.68664550979275,-118.14407951988586,2,2
241.1230600317238,-100.70652371256045,2,2
296.7525857188815,-85.76516215288935,2,2
262.66627240298527,-77.75391492331113,2,2
270.68292202373186,-111.73114037218585,2,2
256.1927825804257,-108.45295057047991,2,2
261.42532183793134,-96.4027292224931,2,2
273.10506091816444,-97.15119990652255,2,2
279.3137117335163,-70.79404065372978,2,2
290.22398714570187,-121.69376044976806,2,2
220.7889738840043,-70.69243725420044,2,2
245.14079968623858,-91.25158822474833,2,2
249.66352590820708,-120.16795524923486,2,2
284.45884214420914,-66.31214293161634,2,2
262.6395236680316,-130.67803709262697,2,2
263.7612862535569,-68.37831426766675,2,2
245.60064520410629,-69.89987004400822,2,2
275.34159908625804,-59.32959673817905,2,2
278.48450327753176,-87.72106170174082,2,2
300.44557027081896,-68.77064232891976,2,2
276.36540432569177,-81.60210414480005,2,2
268.4192835065502,-77.966034025835,2,2
274.1754891958749,-23.365800466444526,2,2
250.52188969221672,-87.19815900928185,2,2
307.6848153248076,-56.43755159619502,2,2
265.157420002575,-28.77453291281181,2,2
266.6799774038344,-10.371598400091663,2,2
292.58014605318976,-53.96702023547937,2,2
322.37304184716027,-53.63813948848073,2,2
294.24992596866764,-32.851304250664406,2,2
305.5998626601722,-4.918729089101692,2,2
280.33800294370974,-48.527806512078485,2,2
289.00609995177876,-44.323168185416904,2,2
320.1589844538388,-25.346698232044275,2,2
272.64522935247527,-21.69169202213124,2,2
253.0453890606674,-42.1250383145127,2,2
304.0082781588885,-33.13788557942826,2,2
484.89155501840554,-31.006357052356066,3,2
489.3911782449288,21.973915633917063,3,2
462.8865749487044,-27.59988885077133,3,2
517.2184791068717,5.588089596256003,3,2
455.66904860481725,1.982180846643086,3,2
455.74220553592073,-25.126801272140433,3,2
476.77533548604333,-65.41434818080148,3,2
417.62094332761774,-21.7464667873444,3,2
438.8158414444548,7.686687218870478,3,2
441.7726419484994,-40.97385127540207,3,2
512.7757162482592,-2.2432761573931685,3,2
470.6052962709447,-35.079042822437344,3,2
452.0014822812595,14.122983475374753,3,2
433.53699724891715,25.19653882574175,3,2
449.7618216039759,8.303344165458853,3,2
449.4243101237682,75.74920296087558,3,2
466.7454784563614,-8.42575073104706,3,2
491.48200262309985,-10.197117062389829,3,2
472.7072101350495,-29.2415236689584,3,2
426.211769190286,38.57245385822584,3,2
487.8078129346156,40.92322798184037,3,2
461.76126437667835,29.862034474640375,3,2
420.4323995903026,20.41006502428482,3,2
450.50670924016345,76.826461346946,3,2
474.15271898462277,-4.67397214076658,3,2
473.0654911857779,39.76611418495229,3,2
442.5146375653203,72.76701102159298,3,2
493.2121529394812,85.44993306112399,3,2
436.5460768009857,51.32651053803225,3,2
471.0815283064513,92.95701110653309,3,2
446.17003158630837,61.20496472551562,3,2
426.73747697194256,33.96879153478339,3,2
483.66622683456194,113.61850524206534,3,2
456.4737581366867,106.10954189778805,3,2
468.80746172080273,59.71802806011755,3,2
468.105304558541,128.27647746866967,3,2
455.4744743177647,132.1340230127155,3,2
377.2235133346447,112.90657364311907,3,2
457.67471029219803,82.3293948837277,3,2
457.0444038603806,34.717876144400606,3,2
446.9105872460921,108.09873998704347,3,2
497.0276407588824,84.87264659673905,3,2
427.60703105820926,88.39828335265167,3,2
478.47589932410517,116.33850104845315,3,2
434.25403672546037,124.89357601301533,3,2
452.1732209891291,141.56898095097475,3,2
427.29443296309466,105.68821901620285,3,2
435.6690277793568,74.61534234455391,3,2
455.3732790705467,129.34929298178363,3,2
445.6816618468506,117.47088318621928,3,2
402.08695023363487,114.87390014469162,3,2
433.2677170015691,106.40348682695618,3,2
437.69296623992216,145.56554053190737,3,2
498.0808449827481,141.64710664644852,3,2
448.16689619879565,137.1355826496607,3,2
381.8037923679658,141.52604532378203,3,2
440.08184967232694,219.1644234701881,3,2
431.3936422848723,157.25235962663376,3,2
434.99420313794815,116.07734222368687,3,2
469.1729273795763,176.6202673229422,3,2
457.45353507862205,129.69797922505808,3,2
474.622432745312,117.83401587713215,3,2
448.94208274906555,228.50566491299762,3,2
400.39983392901456,148.69790153051807,3,2
431.8668537946198,153.46967569390432,3,2
381.10068337847474,173.51010710101212,3,2
394.47668228996827,188.53231028723,3,2
397.47025831548376,223.68582264716827,3,2
400.24461350047136,170.38101871973288,3,2
446.8190427540999,145.96371628951766,3,2
427.89077772222527,224.94230546895233,3,2
371.4781287463487,194.09689908143557,3,2
426.1170022200706,214.83380167277005,3,2
379.81219074928947,154.57790965248785,3,2
431.16150906269087,205.90479006676898,3,2
421.5830099171485,210.1833765956532,3,2
392.21491401887283,209.5431499535593,3,2
419.93778741643706,183.92142354187524,3,2
465.6313904296208,222.33408946132317,3,2
372.41423510585236,230.57344530987254,3,2
377.39077729814045,237.2376009749397,3,2
439.84974470498497,191.74320122359447,3,2
432.4366344595747,231.47598047784035,3,2
426.62351339625235,278.7153902974988,3,2
393.00937002188573,201.9086229444609,3,2
372.0778952080604,202.74545834179003,3,2
394.8256645672244,240.1432305548541,3,2
403.7979648772465,257.4028124517286,3,2
394.22902479887887,278.86161446808654,3,2
384.22425775386887,319.5184724871869,3,2
409.2423115820347,214.84589937094947,3,2
356.6372450792375,257.6713458244301,3,2
380.33533324681,267.2429501369779,3,2
399.4950783351127,246.25294086438777,3,2
358.1364755952288,205.5962721854894,3,2
368.37085025220307,279.3264383930824,3,2
386.3988669866323,218.84389943593578,3,2
383.36505313412744,270.3458731029989,3,2
349.831359130513,265.9569930126539,3,2
376.25475874085373,229.6035172113179,3,2
383.38756366600944,283.25194587157665,3,2
403.2750297306966,300.5665530898065,3,2
327.56713873057276,243.33001964705863,3,2
382.44625734017745,289.378727374669,3,2
380.5289367770266,392.0354715461299,3,2
380.2709313891045,312.99677575058513,3,2
389.81545819309014,300.93562778323025,3,2
349.7730734443013,306.6147572601483,3,2
334.06677366323976,279.18052275436196,3,2
340.6957149530215,291.16821905593457,3,2
422.68626040488016,235.10837081053978,3,2
371.8090612169593,245.1465046490326,3,2
335.02300167067796,328.58538055946036,3,2
349.0540909409158,265.96053453859906,3,2
323.5964235374308,321.04386512986616,3,2
321.05957376057694,309.4996914045851,3,2
342.238041566484,285.7947778401855,3,2
403.07488135884677,326.6839747300526,3,2
275.87339551155185,315.57031880429236,3,2
314.6307197676541,337.8465530082311,3,2
308.5509429405423,311.1148109496673,3,2
345.3041308133671,342.7993087315061,3,2
291.9593492992423,309.04767242150785,3,2
311.519479269814,301.7251079222132,3,2
376.5170178017067,335.70284192210244,3,2
283.49846626937324,353.303697016286,3,2
382.74739540711533,358.94219932744994,3,2
271.24555392778205,315.6274902579659,3,2
352.56423866927287,311.09648112495995,3,2
325.5881358087312,357.72333531358584,3,2
282.16877521386704,334.84191242942603,3,2
210.42838385844004,308.02492943905827,3,2
297.7657437265652,303.43739091042414,3,2
351.97827283507485,300.0663313732721,3,2
287.4545980609164,348.97775213381254,3,2
341.53107654846167,304.0498258326687,3,2
330.8117752150881,349.48794947494855,3,2
264.08272125328364,365.0843597336221,3,2
297.09811745549626,335.23999708991107,3,2
290.80605742404543,343.69721348204183,3,2
289.6906013140997,377.1154503349983,3,2
331.4261851297108,322.09668581870625,3,2
345.38489148374424,302.632771302619,3,2
274.37625369409966,380.79373226284673,3,2
284.88328285853925,346.39652059322736,3,2
267.7214813365845,352.20517128415264,3,2
253.78382813618597,394.3852826799162,3,2
279.6629561077109,349.9962045776186,3,2
293.4164063435271,381.8729284818593,3,2
288.2784897114053,393.39736244518207,3,2
236.47538950662585,359.5416510106379,3,2
281.2051598648316,396.480733321596,3,2
255.58901497837098,383.49587616198966,3,2
291.964421437031,364.01915714913883,3,2
267.45461036116643,377.4745075642641,3,2
241.90737214727736,418.26125515752204,3,2
270.585425783856,411.4445058866047,3,2
282.36153758176437,389.39413527005365,3,2
261.01921520228683,381.16428845128087,3,2
247.6383880641515,388.259671119977,3,2
238.16547110314855,411.69367880564903,3,2
208.0406944836437,458.26885916790974,3,2
199.7281498653637,360.7130574660156,3,2
261.9630930957552,422.51320891571424,3,2
243.24430238675023,419.22137877990025,3,2
221.444197632473,375.04407745184267,3,2
221.36668941555723,383.22049923688166,3,2
245.61726277667833,400.68015588969865,3,2
188.86014695889077,396.9896521553703,3,2
223.26478067912637,391.24160343781256,3,2
183.4524899669766,416.9687714400355,3,2
212.70096321592794,395.9373179563427,3,2
188.44438987017944,419.5771537869567,3,2
156.34740006582416,371.84431117547564,3,2
175.44192323220034,409.09984754282846,3,2
203.51883501295626,461.1813985841185,3,2
217.10890421551133,413.52236249371515,3,2
187.98739708838573,389.6267448440513,3,2
185.1726287607078,412.40722051649726,3,2
192.57120259267901,397.5965979264401,3,2
195.62325963313828,469.72437966063586,3,2
173.92498604293627,437.10433700546616,3,2
195.02885711950793,414.30917954517633,3,2
178.17599231114386,427.9983583339126,3,2
171.50422827385523,405.68701932632655,3,2
166.42213864636946,445.05587242029867,3,2
206.32630437254954,460.11449471761364,3,2
224.48502148624726,409.51817653058754,3,2
183.14922197052056,439.22283683948126,3,2
219.7563643388691,410.6392943834712,3,2
125.94602808684958,418.0537768657848,3,0
84.48906762733117,421.3918205778832,3,0
122.49318024901855,442.78675696838246,3,0
152.5741408605733,495.65205400341364,3,0
167.88167526822713,423.1332748072407,3,2
109.45733212104261,456.25284309162737,3,0
93.83701861685196,497.475300565533,3,0
165.85500852524333,429.473882934231,3,2
76.099223954926,485.1642437201097,3,0
121.0723018298952,482.66274750678065,3,0
73.68480505255597,428.5084200699962,3,0
118.67810178006295,448.84169018626375,3,0
102.01611926975853,467.0415237498403,3,0
80.48101835351025,444.9895099580491,3,0
113.10442197097161,465.580007860234,3,0
127.82441410132928,417.2745730379069,3,0
57.42756953811906,490.1921438019601,3,0
110.39017350433625,430.23622331994034,3,0
143.91992210736677,456.9709829100033,3,0
129.72385910434218,456.3171350066188,3,0
153.1220531441633,507.7235235183491,3,0
80.78057405749018,484.9629949859676,3,0
104.55599182584974,497.60820221703375,3,0
53.187676657287454,477.8449801932417,3,0
110.82435530375888,405.1961963766803,3,0
40.505799581054006,397.45709645129375,3,0
64.84909935160394,480.8167198366149,3,0
114.92570182008434,462.1503696047167,3,0
115.63320039256885,419.1422149752203,3,0
12.589184112207619,459.47719439744577,3,0
72.12484528174792,460.7417600548421,3,0
-4.5117335135582834,459.60856607921903,3,0
15.282637341221317,482.9124740394002,3,0
62.3165299803472,435.14657851411334,3,0
32.801225000014654,432.06776464090035,3,0
43.232421642183375,492.9801419839942,3,0
12.433609886059735,479.9094547668608,3,0
22.987416791145762,441.44452788045527,3,0
32.57126874750455,434.59654586217204,3,0
16.057137621736672,430.1210138795735,3,0
88.49033403492653,467.49920884405867,3,0
5.436427196963237,473.22505258203086,3,0
19.9357356469051,460.52130721250273,3,0
38.60585842691022,490.20073979206927,3,0
1.139122230941318,450.5064350821996,3,0
5.674047360822229,399.00916962951874,3,0
-34.66042608187786,509.33919204035067,3,0
57.012434169004884,461.1083689436156,3,0
21.826721748875883,478.1437578169187,3,0
93.76168401831379,502.60061155717307,3,0
-5.5782605034107995,440.5345618364747,3,0
-53.071230517842366,475.4723873790254,3,0
-30.706463199596655,426.8488560511321,3,0
-30.552095192308556,437.1982962118628,3,0
36.31962859124103,496.2024728913493,3,0
-17.674131517829757,514.2404188083508,3,0
-18.254730912867362,444.07265015055657,3,0
21.976742259765995,486.1278234124478,3,0
-57.975812647014266,464.2799700855603,3,0
-56.268547601542686,428.5160080710699,3,0
-5.356245556830228,527.2726296421724,3,0
-78.24004715625057,486.8495992026252,3,0
-58.94349693135894,455.2974146774636,3,0
-60.33686544883478,443.9223715512555,3,0
-44.249730700719326,444.8247766905347,3,0
-40.73138656157212,468.1375930368205,3,0
-59.152500564924786,442.2895574778144,3,0
-72.42529900693484,492.0302150777814,3,0
-43.23175161228083,439.874117710531,3,0
-58.41529060177992,491.55497791528944,3,0
-114.61217129084409,485.1070589520107,3,0
-87.54211553234182,485.69741018810174,3,0
-93.69308048035427,414.1865009970794,3,0
-122.75187141186647,469.50935297142775,3,0
-69.26248160761273,440.6514835484078,3,0
-61.02308366228629,417.6299066225813,3,0
-85.28797109704942,430.8199092056258,3,0
-105.98327567080563,468.2276153994966,3,0
-115.36098100595348,454.9046359580121,3,0
-62.477832505718965,448.7505945715444,3,0
-70.71141618418696,431.76260989502475,3,0
-83.00102000486055,508.4777714680626,3,0
-176.15472627994478,440.8812016372112,3,0
-87.80063074496238,458.2345107876672,3,0
-97.08285631897614,445.72461469609425,3,0
-108.72088897325479,458.67265504217164,3,0
-79.38326050657273,470.45492287353545,3,0
-107.38344962538201,449.92585828092865,3,0
-135.23106853574356,448.7458568630762,3,0
-111.85709302151339,448.5140909397365,3,0
-118.08148831853777,522.8072826810302,3,0
-103.72124915425277,450.1468202270882,3,0
-96.89488672002238,447.04819097208946,3,0
-197.1472910163629,428.3914724565746,3,0
-195.19537832904695,447.41297644813443,3,0
-141.58282909900407,507.55655576154703,3,0
-135.38689212537048,449.97623962679734,3,0
-123.36733107635766,389.48180718710046,3,0
-144.23117865444675,478.1892540616619,3,0
-198.70253095582268,488.6042018605234,3,0
-147.23047061685872,441.04210646419347,3,0
-141.4372971617599,520.8116051507689,3,0
-157.99500700843294,459.30845673401495,3,0
-180.25679474486998,425.51850470909915,3,0
-144.5854785232873,424.4643280612055,3,0
-170.36264411840625,434.93117110573445,3,0
-161.14868864174414,458.36588893802366,3,0
-147.3945924607805,432.1317804076791,3,0
-189.61388287518815,417.1267592851401,3,0
-197.83729498975714,456.84727293892234,3,0
-164.78360132829184,416.8831127698186,3,0
-164.38362730043497,484.2182882615206,3,0
-181.04096773076026,498.8354119666444,3,0
-219.62344823460057,404.1556268470897,3,0
-252.73056758977404,485.3217138217882,3,0
-182.69049189663681,437.6993886996234,3,0
-196.86810130603493,404.51027195514484,3,0
-134.83337996812062,441.04110668756283,3,0
-207.85583951412602,457.80855494606624,3,0
-199.63199939023758,441.6047636724997,3,0
-240.6938365322596,447.8666273814105,3,0
-163.4288128666496,472.90120480187835,3,0
-174.99639733951634,415.99989964212193,3,0
-255.37497802635863,426.34231607994576,3,0
-226.90219794872948,461.703058396119,3,0
-282.22715674827595,473.50709589427714,3,0
-239.0647743255442,413.53936160332887,3,0
-267.5509217544471,375.40728518652475,3,0
-215.3477466870457,425.9417512862106,3,0
-281.588472774768,383.56116307110125,3,0
-255.8015638191834,471.13762544278313,3,0
-256.3456238663747,374.6083371896423,3,0
-258.75140744202923,410.13881130018774,3,0
-335.0982073332632,415.2918660800976,3,0
-263.9232857760337,436.38945303858645,3,0
-204.32124746238355,447.865175293205,3,0
-270.6421997553741,379.4198784039775,3,0
-188.1511719851705,412.92216623791126,3,0
-267.70122307658124,408.934402481978,3,0
-264.9342942278221,403.82252766421345,3,0
-290.8349230690734,390.2254591677483,3,0
-277.3462688806257,388.7891342007499,3,0
-300.4779261500603,406.728257413002,3,0
-289.46091734050606,447.08149825389836,3,0
-364.04980212697603,433.1162190596457,3,0
-249.83721111582437,336.5616211245816,3,0
-300.18929913276526,385.9954898697738,3,0
-334.81266582218257,372.16274026961963,3,0
-328.57286751734205,446.4070813452503,3,0
-269.84304569507435,430.31061560083236,3,0
-278.9104641421408,356.6007380125677,3,0
-318.9327813555277,403.4452568579085,3,0
-342.4867695809735,408.4291697117572,3,0
-315.6475701888381,374.0533253714184,3,0
-289.7128898799606,396.86818648186204,3,0
-324.4634595379507,416.5461929151411,3,0
-348.6479626252924,398.454122871054,3,0
-300.9933139720824,368.88323217917224,3,0
-311.5612491670244,338.81367492498794,3,0
-296.1718155700295,368.96143309418403,3,0
-342.1101006961008,404.1242196306677,3,0
-350.0828022450423,328.52965354453147,3,0
-378.1636460502295,387.07751830965464,3,0
-372.3780294221913,419.6390247834486,3,0
-398.91140906299995,415.9711972365463,3,0
-332.5992825290887,360.2428227121976,3,0
-357.74146284832466,373.16948871885626,3,0
-344.9747217180956,392.3302072440074,3,0
-342.85825149670103,361.76058294322326,3,0
-359.6203612407606,353.5482526762626,3,0
-341.89227352153046,301.94145162497614,3,0
-393.9735434478936,373.5191783264053,3,0
-350.7908995066012,343.6614575537805,3,0
-357.73985988451653,357.55314152890196,3,0
-376.84872307110686,321.7063930531603,3,0
-357.13057606419534,313.61938938364017,3,0
-353.09520559692584,289.79337824223444,3,0
-336.7917349407429,352.9344831514783,3,0
-362.2957973317933,366.1084026296454,3,0
-322.3093196304671,364.91541566124965,3,0
-429.78313113362367,293.93925609145225,3,0
-395.57121023727285,330.9372439502784,3,0
-363.5529388826627,306.1959271163115,3,0
-375.72198196511215,303.10635063404305,3,0
-401.8989246830322,281.3535576878271,3,0
-413.4648359879698,280.7744467309346,3,0
-417.2444391002356,350.6919633949715,3,0
-418.6364791089118,395.79811485152413,3,0
-377.5270280670967,320.1019879045204,3,0
-420.2350471161422,333.282849346614,3,0
-413.89680789841333,313.6369838005703,3,0
-321.9540225310231,304.7846070687728,3,0
-366.3926865807993,284.2474955145834,3,0
-404.0202274269999,356.12995278619115,3,0
-423.8645465488628,355.02938940173374,3,0
-385.8931323043877,281.41887459965017,3,0
-390.2087254726954,325.0934961392412,3,0
-392.5669566392081,246.42123918800843,3,0
-435.06061867942105,283.70076752174697,3,0
-417.48962426089605,307.3321578008651,3,0
-411.92050007136925,246.22475019525928,3,0
-407.8252152533328,302.16325300386495,3,0
-404.40169185036285,313.817312010695,3,0
-398.1265514318423,292.70520892202023,3,0
-427.1824775316046,226.62469882100845,3,0
-414.1066527499401,280.195779462196,3,0
-420.74985465342434,233.16231356990298,3,0
-463.2151886476862,300.5470771287465,3,0
-433.8405974712606,286.8734310017084,3,0
-433.6589459035598,264.785310331109,3,0
-408.1985680372671,245.86389798776685,3,0
-435.28600205036247,244.91809304998253,3,0
-453.01094148569564,246.94089909323617,3,0
-435.1022856652023,239.2720159134739,3,0
-405.86760337007536,224.20346985948015,3,0
-450.90409892274715,235.24587649586866,3,0
-403.6298802759737,251.71957860956223,3,0
-417.8086838370118,198.63036217602544,3,0
-442.46078317300675,267.24954993214106,3,0
-449.6954430727448,269.87780874145886,3,0
-469.3576215455528,277.53601535893443,3,0
-386.5302971887685,221.70215816745804,3,0
-470.50379149167077,273.5102056238857,3,0
-411.3761637249048,211.53396607615508,3,0
-472.97661801484765,216.06716960937032,3,0
-502.29522392744593,194.2520424233545,3,0
-493.65957358480705,196.0586257166216,3,0
-466.13242395636627,223.3901127502414,3,0
-420.1162126205378,183.6744416405024,3,0
-438.6236680676343,204.45717172409235,3,0
-471.14206638485115,228.3636865989676,3,0
-504.82727386434567,216.8242584681877,3,0
-467.62208941983596,217.34907695897354,3,0
-465.39316508953766,273.4489345080708,3,0
-494.6354616217233,181.0653412197189,3,0
-495.6149278683748,177.52729447020852,3,0
-497.4421322118135,227.04961145267734,3,0
-437.0874983434899,171.43549451298213,3,0
-506.03764687722827,199.87048953207156,3,0
-498.98021756143896,201.87760031520156,3,0
-477.65452164501954,134.5705407559861,3,0
-438.62782930259607,231.06412068950758,3,0
-504.729454416283,162.69349057009504,3,0
-479.0446245887116,181.48692155644213,3,0
-469.1209846618056,228.8800814803808,3,0
-495.4243405077567,141.73791608244758,3,0
-532.7159467754933,140.86409494044068,3,0
-493.53241260344294,213.72628366643414,3,0
-509.25091563841585,163.6932414180671,3,0
-495.3809298263083,189.71407454578141,3,0
-420.2275834528968,135.21162016466326,3,0
-511.8476545038527,179.53076566869757,3,0
-477.8181986853068,200.66837986771054,3,0
-481.84908326715816,131.54269886364676,3,0
-482.72073955634346,172.6300675401329,3,0
-476.88080251051133,151.6279931947122,3,0
-470.53129690222784,168.52288254084132,3,0
-462.08438276624634,149.93310153129391,3,0
-509.561614904653,131.89467042065198,3,0
-469.33298915232604,100.00042705785667,3,0
-495.4294714924223,109.7174704465662,3,0
-506.569927685277,156.87434666673644,3,0
-502.6230537388182,116.91117985882033,3,0
-550.0565787380856,134.89723821580466,3,0
-490.7823174042393,174.39319471877837,3,0
-520.247182841633,113.0504775885807,3,0
-504.38032863368227,150.77459305309185,3,0
-515.5496853882455,108.79139891805869,3,0
-495.2638485897213,102.98363653638188,3,0
-527.6845890008314,100.16764336937663,3,0
-482.8543457492598,60.504156415371895,3,0
-511.82677623293074,67.2458740636871,3,0
-480.69785662331805,39.49910619478199,3,0
-534.0310918114362,93.45173672662614,3,0
-470.9926600923435,77.09911286608153,3,0
-535.2900475848927,132.4382670442451,3,0
-562.7308691752233,6.96712568633825,3,0
-506.7270926905235,54.79336352662519,3,0
-551.1822432355884,88.02542744441074,3,0
-513.8296039512084,46.768298370760434,3,0
-560.1317344577917,86.77660166197296,3,0
-502.7761319258429,54.53625357425644,3,0
-467.42318769306905,22.314179366582245,3,0
-569.1087272316762,30.561340501004324,3,0
-525.2117507882338,55.51741599979624,3,0
-531.5629541046469,55.674456455807466,3,0
-562.3342420270387,85.31832939832387,3,0
-527.6952482001027,72.41402028996285,3,0
-515.3720551434221,49.48477612075471,3,0
-508.96433225027283,46.0978735826715,3,0
-507.15961948888054,69.42315595140771,3,0
-520.91002016896,47.69830516439609,3,0
-529.8424660271162,66.50909360111422,3,0
-547.7672775524281,74.20907041293196,3,0
-528.9857208208703,-25.869096404284264,3,0
-524.2236721242626,-6.505951448874846,3,0
-503.1136575473532,-8.783413594992993,3,0
-541.9649531267503,-49.02281916439964,3,0
-542.3754427580849,-68.1863669416659,3,0
-576.5304489187075,24.20769944898549,3,0
-505.62677029496257,11.02299409456106,3,0
-558.3777625968851,-6.309181594374564,3,0
-529.6245435117794,-42.76688151684382,3,0
-484.5427872672801,15.16596005223741,3,0
-536.3822053977557,-13.488045291099958,3,0
-523.5906104032234,-78.68699833106004,3,0
-537.3264976660224,-41.03530758222995,3,0
-560.0091223987555,-32.14998884490245,3,0
-476.0595346225829,-7.633142179210365,3,0
-547.1353696934839,-12.822516559315183,3,0
-488.00946733048846,-5.402561495396375,3,0
-528.1716110043028,-55.69112327284351,3,0
-508.9644767819968,-27.619658295051618,3,0
-502.986298040818,-23.509893671209703,3,0
-498.26669872328574,-61.76243588588125,3,0
-490.12291435126485,-42.91710319419538,3,0
-467.25864116030436,-72.6596937016196,3,0
-477.2895642080512,-49.18483558600528,3,0
-548.7433151629209,-72.77584226264187,3,0
-538.6237834599654,-48.67028137259918,3,0
-513.1211885395476,-81.74101297536028,3,0
-529.3100878981364,-3.395292005610493,3,0
-476.5066689139936,-57.70559569385788,3,0
-526.9267002265402,-70.32465847382383,3,0
-509.3754431196275,-107.73793361520944,3,1
-535.1968046133504,-130.23837964193527,3,1
-515.1737015203411,-63.88969894654767,3,0
-541.3012491289854,-39.20858953803984,3,0
-563.214272174977,-133.47982645372946,3,1
-519.3237961004397,-61.2536677037875,3,0
-475.1359847910172,-109.54870743220951,3,1
-492.8702878453867,-100.05039942734032,3,1
-529.96687829955,-75.49559315152601,3,0
-504.7561860165544,-152.40455926990614,3,1
-479.547959805792,-66.81449189569182,3,0
-542.1098531492199,-99.4444765943195,3,1
-508.00139198601687,-106.5965093816497,3,1
-538.7913218799653,-137.66023052577958,3,1
-522.4892246274081,-85.42101123578779,3,0
-504.8356207265113,-134.80908725544555,3,1
-497.3942974022167,-212.2310126443325,3,1
-485.4645551809603,-182.0464036205466,3,1
-530.1636804048301,-166.52140122372492,3,1
-557.4745060557239,-101.17875133967169,3,1
-531.9894170087305,-128.6765042463498,3,1
-518.6710537596641,-127.82415565799695,3,1
-514.2445987592556,-183.68448006395244,3,1
-485.9278618739227,-163.06219600670178,3,1
-561.7607552048455,-164.14307022668117,3,1
-469.26878684528623,-128.83829131902272,3,1
-523.9603079134532,-167.8630939712441,3,1
-522.3398709531584,-98.11831363812318,3,1
-500.4037755780583,-150.54974524445566,3,1
-480.1053321720877,-159.3122929878672,3,1
-517.9181072130926,-175.38604849216398,3,1
-511.4089322911098,-173.62629833028336,3,1
-486.5271394703058,-173.959706839917,3,1
-485.45307005685413,-180.942288191775,3,1
-504.1306150491266,-241.46365535235032,3,1
-478.03842790650236,-174.11384291053386,3,1
-474.60776919935773,-274.38092117346304,3,1
-440.89791135395035,-194.65949374825996,3,1
-469.28605308777696,-224.64119264123718,3,1
-483.1120507945551,-228.01223915670306,3,1
-519.1534532979869,-141.94801950664217,3,1
-505.0874008498374,-195.79847539186693,3,1
-472.1729114534335,-190.3967034564515,3,1
-492.65190407399865,-197.25710928263874,3,1
-423.93308867195725,-212.86624726328037,3,1
-488.85527154267675,-182.5426444621106,3,1
-460.5567986785911,-181.36869370208882,3,1
-473.37669675635345,-254.1796951428151,3,1
-442.3334239660245,-257.18235792925896,3,1
-481.03685972576415,-248.31510891918205,3,1
-490.8014632397803,-218.71107300828598,3,1
-477.9798698469505,-218.7955952297729,3,1
-437.93445562999204,-220.71850832275507,3,1
-492.37768440121727,-208.2651754479913,3,1
-448.0580976028193,-276.8710986600129,3,1
-464.49152413751403,-221.85446351320937,3,1
-489.9938847849012,-204.45681844113093,3,1
-484.2042933941613,-244.79058972132026,3,1
-483.51267312113396,-250.91174409200684,3,1
-509.8089646824879,-297.39313452284506,3,1
-427.66811019743477,-282.40409031932313,3,1
-503.8099948904615,-324.3916337188553,3,1
-491.78450809691265,-302.2682328409541,3,1
-421.88515841338557,-235.05745340238727,3,1
-490.3026654506098,-200.5460276736403,3,1
-438.700375412184,-280.62177855611634,3,1
-541.6133988511672,-204.89678568494398,3,1
-506.7790513376707,-325.7256331828527,3,1
-432.85823762195577,-205.89998047956738,3,1
-420.43352404110215,-264.89432721630953,3,1
-442.52838325201327,-258.91824111177635,3,1
-435.99547040322324,-278.78402417167194,3,1
-454.0126827310913,-291.7864651473405,3,1
-478.11617856334624,-301.0075672866511,3,1
-504.62767246840315,-298.2057809572096,3,1
-481.821695965535,-331.0210770059715,3,1
-445.0754666144801,-258.8005574731,3,1
-421.2145218410015,-350.3121914758298,3,1
-476.72806090369573,-277.5997996745686,3,1
-474.7725714040556,-315.1768027440047,3,1
-427.0387241665444,-340.0920225719744,3,1
-438.60503362983485,-353.6552394109244,3,1
-458.01708398126254,-306.62260477301936,3,1
-485.959437364542,-305.5721095723219,3,1
-436.93621618434736,-304.7705412017737,3,1
-427.79107316553376,-282.9684132470214,3,1
-428.8972077761238,-339.3105763142871,3,1
-427.1145673444698,-312.6535506576678,3,1
-427.43141765951435,-330.2470201083959,3,1
-448.0549499581203,-353.8521763738312,3,1
-467.155664341836,-283.96622453088014,3,1
-460.46011313004794,-359.7169624790444,3,1
-442.74762325536994,-314.54615893572316,3,1
-428.07964113227246,-306.4134184651383,3,1
-437.456248826683,-337.9152560898482,3,1
-440.3170329856874,-284.3575210411432,3,1
-448.8744559755603,-341.8317052814814,3,1
-392.207949077761,-341.11400786117724,3,1
-414.73958741069214,-359.81148364244217,3,1
-405.81134620867863,-362.7029379253329,3,1
-376.1391613113824,-294.34024261408547,3,1
-419.695326262326,-404.10002310449823,3,1
-403.5193478199073,-287.9515081387304,3,1
-422.86679571817893,-318.49289989719017,3,1
-346.2966486889868,-386.58433661244936,3,1
-377.4148213351475,-323.42165427048826,3,1
-403.7003973231479,-380.66431499674513,3,1
-407.6049398624127,-407.2693548271885,3,1
-407.4465678628958,-415.8009174996041,3,1
-384.74533455686577,-404.4241818311839,3,1
-376.5398132395512,-430.23025997938265,3,1
-371.3985779329909,-360.7619697563749,3,1
-438.89477877388003,-376.7465444154884,3,1
-339.9965831322037,-426.4437430046896,3,1
-324.3797325885431,-379.755994812542,3,1
-393.4239086370966,-396.1573860404369,3,1
-353.22688198555784,-394.34751136890776,3,1
-351.5037242871211,-426.376766471468,3,1
-360.2619635472775,-443.28232127651916,3,1
-366.34271555758687,-430.08780195603475,3,1
-382.72183093951895,-367.9727395589166,3,1
-325.55357425865014,-388.85154674083657,3,1
-388.6862455906165,-418.6732111352052,3,1
-317.1350497853466,-406.9697480965268,3,1
-281.5464403888415,-401.4469682228436,3,1
-342.9505213796438,-424.5301153139697,3,1
-342.27885381309386,-421.82562519078317,3,1
-322.6024203446924,-390.5300812796743,3,1
-364.9735740592948,-461.1323938950274,3,1
-394.0159677382659,-407.9044762609333,3,1
-369.55452501170447,-489.6642239764197,3,1
-322.30779071137357,-352.2052138009341,3,1
-331.64689819070907,-403.7424965357363,3,1
-326.49761077233256,-433.75018203117247,3,1
-298.8561155908964,-441.3621791812206,3,1
-315.87085672407954,-424.85756300159323,3,1
-341.38795344357936,-406.58581173045144,3,1
-324.0351444119961,-460.8419801433773,3,1
-300.12076749018314,-466.93009411645744,3,1
-312.78903984230436,-442.0398687135398,3,1
-278.4648219511181,-429.29934015088224,3,1
-309.1886170064482,-420.7649606218977,3,1
-264.1167088436958,-430.30490761602965,3,1
-302.886594771833,-488.11910699157573,3,1
-332.5140359556991,-459.6290322797246,3,1
-316.19876355427664,-457.77310184057103,3,1
-293.55609440645384,-437.9481854118397,3,1
-294.7022783224204,-440.90219158255996,3,1
-287.9744388660511,-516.4027128402637,3,1
-315.399828705316,-463.0859547684745,3,1
-320.81155016041873,-442.3731516020858,3,1
-235.8890758475696,-425.3988530454981,3,1
-285.4958387976515,-418.8135664767466,3,1
-271.90364705808247,-475.204456468304,3,1
-292.0271427688942,-475.70531799960406,3,1
-282.5221416070945,-463.0408533506672,3,1
-263.3018824024734,-469.5667744906758,3,1
-252.24382099027574,-435.42622497388646,3,1
-234.0889149754896,-517.1625947197247,3,1
-336.40756435780247,-446.0386270695941,3,1
-298.0016108222361,-482.2462241509644,3,1
-289.29499882679676,-530.9801252030326,3,1
-235.13523367330717,-455.54586358353856,3,1
-265.85319534726784,-557.4338945475329,3,1
-262.11535628805393,-469.312859522025,3,1
-287.25699284576035,-476.912728639635,3,1
-240.50215968109293,-466.3634672825259,3,1
-233.6003794442176,-514.2450535689444,3,1
-198.42739231823967,-491.1016808925606,3,1
-232.27235404212936,-515.6186250826546,3,1
-241.87241285313547,-515.4213942627977,3,1
-230.8752152163039,-438.7646692786649,3,1
-263.9490304266387,-539.7432118713598,3,1
-175.7544379360923,-498.818313731785,3,1
-237.05178502869785,-462.5254360454483,3,1
-232.2307425344448,-440.10795153771767,3,1
-190.79990721209484,-510.6728984734765,3,1
-143.48669295866011,-515.3359189184063,3,1
-183.00429893535033,-489.2961659619014,3,1
-163.26922290529438,-452.52159292513153,3,1
-198.4088356506727,-523.0429205874982,3,1
-182.6106079733196,-521.8267290389955,3,1
-133.04239740167247,-498.43547765742034,3,1
-201.43145144296815,-498.00874332142484,3,1
-227.9070485135432,-533.6964936504669,3,1
-148.496079949141,-525.2350865167186,3,1
-212.92496429684502,-490.3900881827908,3,1
-142.94966614862756,-485.8636730533695,3,1
-145.63665283996124,-531.0598784364992,3,1
-215.16395123724337,-464.22088495002333,3,1
-179.17594818487845,-517.671833332123,3,1
-126.63014350319082,-494.3269355110232,3,1
-149.77436149773965,-446.9117687979723,3,1
-179.7263000563526,-484.8556155741999,3,1
-155.67496909477862,-505.4429755153198,3,1
-108.49089079005127,-499.0565078756269,3,1
-135.15073302621474,-482.88807812575885,3,1
-159.19808039814868,-540.9921564775073,3,1
-176.53898915892626,-575.5399531723434,3,1
-80.44916657648108,-550.3596873649391,3,1
-145.70922940584435,-526.2627799660413,3,1
-126.7813540267544,-494.16194540791776,3,1
-107.11709973414817,-536.7827753198043,3,1
-134.8686416707959,-511.4501276774744,3,1
-134.23546781093634,-472.32489144106734,3,1
-108.96140874371477,-499.0972917828498,3,1
-100.71644375354605,-486.51838677310514,3,1
-112.08088272652677,-561.1871257032781,3,1
-102.42608380378783,-542.3630043882538,3,1
-127.1770830499344,-505.7520515412813,3,1
-71.06874037710645,-523.2060229954869,3,1
-95.84780418240945,-473.2594240298999,3,1
-94.78279589146905,-446.7375658759136,3,1
-81.92985597337248,-578.0535956230002,3,1
-73.18193091300526,-514.2190639882699,3,1
-53.97403415966949,-505.8619101191402,3,1
-93.70225956694802,-563.1702493735878,3,1
-92.69889015532172,-552.3212688862832,3,1
-100.72128063177152,-509.4930430658811,3,1
-30.08372229506533,-515.6353625959607,3,1
-112.9306485203125,-514.4429022549358,3,1
-38.02665367600207,-546.3602917011677,3,1
-74.81582078426608,-527.892318175139,3,1
-91.21035215643352,-509.13103711499116,3,1
-68.1584573154365,-516.2202798634017,3,1
-88.0200250987196,-542.1371132238381,3,1
-36.587826506179226,-540.3857696172405,3,1
-3.31324355288249,-541.3575638714468,3,1
-45.24351738637593,-501.53874238286966,3,1
-91.39606332295803,-582.469000679718,3,1
-91.475068976167,-491.87575708005033,3,1
-59.120792098441896,-453.09611607160247,3,1
-56.35164781742569,-524.3746370944934,3,1
9.980278635359818,-469.7777354571344,3,1
28.703535316312564,-493.7391435102743,3,1
0.7218757743437797,-512.2241915239645,3,1
-3.507595732221235,-546.5257019179245,3,1
-48.26294656099295,-530.0617558242366,3,1
-25.681318818043554,-543.5080176702228,3,1
3.4566711453702137,-501.1829383845346,3,1
-11.642413872180171,-485.4273777512079,3,1
-45.40558208903782,-535.4545200986862,3,1
-29.52061045915183,-585.5125658512541,3,1
-7.358261485396081,-533.0209035545072,3,1
43.66275953827612,-510.2764245178442,3,1
-29.330344965219293,-473.3905872241101,3,1
41.16102372296346,-511.3433220765541,3,1
0.8688797984716317,-557.3626272320114,3,1
-0.37089749805278416,-495.67050542588936,3,1
70.46318745340969,-481.7694987234206,3,1
2.3886740056690243,-561.3695053002103,3,1
24.407444832943455,-580.5286894575356,3,1
33.00060856317354,-531.5784727874594,3,1
12.44709738069352,-574.6467472780081,3,1
44.956583244526556,-542.4223274747641,3,1
-2.4308882891565133,-612.2252170556884,3,1
34.956732394622406,-472.4862676346609,3,1
88.73292177875518,-538.9436005459138,3,1
23.93902946527252,-510.7248316190748,3,1
15.161231384729888,-515.272115374373,3,1
71.19964087165604,-487.0361735810397,3,1
48.31396030304337,-529.453184609243,3,1
28.07724475367006,-547.6287081956948,3,1
50.71716273059243,-511.26120206011734,3,1
88.01042060056619,-545.8179710180752,3,1
108.47131436164821,-529.2773333956213,3,1
66.13371519497713,-542.9616090961017,3,1
-2.8722175509848853,-493.406164301292,3,1
95.03662129771378,-527.7302788762825,3,1
78.0132764777734,-503.15588525297375,3,1
32.19524499167517,-533.8299612897625,3,1
105.96332086334539,-554.892119088366,3,1
94.00145130329437,-557.2467096297653,3,1
102.24239798486816,-516.8851109262615,3,1
42.845660920538265,-480.1211176113378,3,1
72.30719627848599,-538.599153674747,3,1
103.40243875861924,-479.0416233983561,3,1
69.94609857559666,-510.8404239211977,3,1
116.31548967010491,-491.06867092711053,3,1
111.76921441697954,-522.0246709655426,3,1
84.66784640015302,-507.5625263470803,3,1
80.34546087542009,-596.9014090135261,3,1
128.61487753886598,-481.23798054682936,3,1
47.632817722262175,-537.7241935146196,3,1
140.09226264654302,-444.76480666725837,3,1
125.13230841773584,-527.3683463844509,3,1
122.00636659450737,-463.30177992070173,3,1
111.09287952986867,-527.5249126968798,3,1
118.96170916201045,-531.1313958376637,3,1
140.0898817413372,-452.7549141923454,3,1
149.0613383161268,-508.0109895409013,3,1
133.5671235197923,-546.2626530878367,3,1
171.76045341004414,-500.61005928448026,3,1
142.79154194890668,-401.37124419296015,3,1
160.10027060324336,-518.589287731961,3,1
141.2715484561728,-460.43487166822297,3,1
160.37771518503314,-536.8709160168517,3,1
187.46641579815685,-512.5829259833988,3,1
218.99092942522466,-458.93492796361795,3,1
152.2671765488389,-451.6854328308817,3,1
170.60961063321247,-463.2941025883239,3,1
185.99520237566549,-513.011285960185,3,1
155.01804239865075,-455.44696917431656,3,1
167.1445305334458,-497.1624392397578,3,1
151.3891868254227,-471.0342403027546,3,1
244.76539335983063,-514.439513660638,3,1
186.45460654066244,-438.7003630216384,3,1
186.16864158809503,-466.1314718956935,3,1
159.50730967504424,-465.4713054763885,3,1
188.57728009487974,-447.34881220523596,3,1
232.61683141671585,-397.81635283362556,3,1
217.17892550715135,-464.29433490930717,3,1
208.4070680860492,-483.2106444505483,3,1
215.50648138651718,-480.0076555216474,3,1
213.17293112205797,-430.1302290270393,3,1
180.68056009246862,-433.95698318806035,3,1
253.13851488286218,-470.17328321469245,3,1
152.70802380388784,-483.32653694759586,3,1
258.0023890665788,-464.22139245121144,3,1
191.832533849033,-477.1049562332642,3,1
249.73930867032234,-443.96900645593036,3,1
220.05180391566236,-469.7680604512668,3,1
218.15592683904026,-484.8110213846025,3,1
281.04858566473115,-465.1668549736861,3,1
271.7703477781322,-408.1994864848679,3,1
267.8627244339372,-465.11257213254896,3,1
252.67252877353613,-451.19815934081214,3,1
216.08611754523082,-439.03324156942267,3,1
210.45174157942097,-411.4088351527387,3,1
234.49928932514234,-439.263159921721,3,1
259.5403250724496,-451.30743634840326,3,1
271.2352886076367,-456.01340851288927,3,1
282.3549817210128,-480.3554450701286,3,1
262.577739097526,-380.00175538684357,3,2
231.33530009612087,-456.6794313322925,3,1
279.3098616360039,-429.1210437292858,3,1
276.9473130587365,-417.978328951131,3,1
287.9941355856125,-397.4924971767516,3,2
283.7593305523679,-436.13494940784165,3,1
294.14235988338464,-369.99874127706124,3,2
272.47451443501126,-454.3133853279643,3,1
312.14222662377637,-426.7556509869173,3,2
216.21380386363512,-395.77275497378156,3,1
267.78583506673266,-421.94714925263645,3,1
296.2444908736326,-411.536539705995,3,2
309.9955493885162,-428.32121250498983,3,2
306.5195005335746,-421.03290373219244,3,2
315.6922952113474,-392.76023098533216,3,2
267.85370158910155,-376.6014941591099,3,2
282.213974523057,-382.8839564196174,3,2
311.67455206386614,-349.9100245113761,3,2
296.3019542459702,-413.4500765956371,3,2
304.7602000917281,-409.9662798543977,3,2
331.6646611187737,-447.2458769321846,3,2
278.3662167868191,-428.6617607586557,3,1
340.7827807235516,-343.165912533248,3,2
311.4234276375503,-397.3912167892235,3,2
318.92821779979795,-355.2981633657077,3,2
291.26211547101894,-380.8171720288721,3,2
350.58091379289755,-370.7350135064473,3,2
329.24083909123596,-353.5220078162596,3,2
244.6708698146657,-360.98872531349724,3,2
308.34597101709284,-434.00169640243007,3,2
345.490590429703,-335.6168965515136,3,2
328.2031096546926,-345.9706677775861,3,2
382.8526614503653,-332.82611935682274,3,2
385.8266089924218,-347.7128646290528,3,2
341.0195678461347,-415.72537841742735,3,2
333.4890117254712,-390.6401861278457,3,2
408.0988542370254,-368.28250809009603,3,2
348.7516790187645,-344.1113713806118,3,2
348.4337637592255,-307.4413466635557,3,2
330.5014767923275,-350.07863899332193,3,2
328.9471379347825,-393.12865612134334,3,2
334.8934306775165,-352.23743049974433,3,2
342.37755465237683,-369.4846242705605,3,2
315.0620061892118,-348.7782481354232,3,2
314.08953956258176,-321.04400173466206,3,2
363.6685978763291,-385.1204352280042,3,2
353.86794375681364,-361.49449871288454,3,2
374.6527415004206,-296.2400134457939,3,2
310.74002523454544,-330.51436647288006,3,2
364.09323590228627,-311.3245685509983,3,2
377.17939128256916,-351.51157148092375,3,2
363.0823247855625,-350.3091857846342,3,2
406.78871134543164,-323.25327668607844,3,2
433.38280278913726,-323.16506424872654,3,2
356.91742235127805,-364.19778348951866,3,2
325.88186437504794,-363.74014108745996,3,2
389.7800983445582,-298.37272386648027,3,2
336.10456607631704,-284.1905395037816,3,2
370.8061180474031,-304.0340178845275,3,2
435.4058356542482,-278.9177558382493,3,2
380.708100583896,-329.9329401295931,3,2
325.9178291092054,-322.1352256407106,3,2
385.83005558617674,-327.52878330403365,3,2
389.9012590297725,-292.95003566460406,3,2
388.7515614431037,-312.08739240535147,3,2
402.1983560086494,-276.6504518232725,3,2
366.0513557735409,-244.89179549836487,3,2
397.41336953344404,-283.95521918684017,3,2
423.2081412941143,-274.81511687997545,3,2
432.12944959964244,-270.4788277136906,3,2
386.7187560955497,-265.51856501796277,3,2
372.31944118534034,-270.3682716893703,3,2
407.15644030259796,-277.12034276903387,3,2
405.8020297521103,-324.5745731988985,3,2
394.6838659852478,-262.5666190484328,3,2
417.41134742614975,-293.4057932665077,3,2
452.0394596327133,-285.7751757571789,3,2
444.586978109986,-244.17941901362295,3,2
397.5338927803179,-200.93228126673066,3,2
382.51141343992344,-223.8044903111508,3,2
449.7200953244749,-268.6764895977656,3,2
462.8409386860313,-253.22941827844807,3,2
431.07433511140556,-235.0799906193995,3,2
419.7129500264421,-215.71861601110965,3,2
448.85764695906414,-289.64374969378764,3,2
465.476000988096,-284.1992970092447,3,2
458.59697244070844,-197.65206375200393,3,2
396.14831993553463,-240.89837395602774,3,2
396.9447836283571,-232.13446432726332,3,2
422.0953414094853,-199.40218017061787,3,2
471.84786580081726,-178.01903343720187,3,2
416.8575358699817,-223.2562590812358,3,2
384.38509717749724,-238.2383783372246,3,2
464.9811052220291,-162.670198645826,3,2
400.1340050719084,-225.97986713121207,3,2
437.48277066532836,-196.8623253310414,3,2
415.0788232292877,-189.59963025333568,3,2
426.22520406498523,-199.8025282489941,3,2
457.8837953865433,-196.217104167165,3,2
429.4399608741054,-196.73230894524613,3,2
440.8982637212122,-201.57213580006834,3,2
436.78419061513426,-139.5338447125108,3,2
462.35584158581395,-193.37290672834865,3,2
467.3983028939315,-191.53221950906715,3,2
482.62601150092075,-167.43152502257468,3,2
445.13696145928844,-162.08657563982743,3,2
402.1346099466329,-206.31265530228225,3,2
414.32909264649993,-165.2072601767032,3,2
502.98928577759574,-99.53696337288362,3,2
471.0033721882275,-148.4256604118542,3,2
398.65908739205474,-176.70096713696904,3,2
429.8672313239703,-176.01079078922467,3,2
449.24726600677195,-168.50766091334106,3,2
395.6843039337793,-128.86230771417775,3,2
423.6335756851429,-141.07209258852765,3,2
518.7717355835624,-172.776251085888,3,2
381.35481071089873,-150.71550713109366,3,2
490.98717001933085,-80.3211970716534,3,2
421.74757395052416,-121.1025782639318,3,2
445.33113845933445,-136.1097550140646,3,2
539.2578266026345,-174.94410010905818,3,2
468.1574485665043,-112.74393887246697,3,2
493.71721511252474,-120.75116268873548,3,2
470.96411868278796,-132.3523388362222,3,2
470.3559755019559,-127.80729775256032,3,2
481.4694542701806,-125.5050324376757,3,2
474.6559839209997,-112.19646700799106,3,2
497.62567782073387,-109.75904422777013,3,2
411.1348983227506,-67.25514953895865,3,2
437.6160902754469,-121.61838143559075,3,2
447.3608740270209,-57.66200254719432,3,2
401.58358911539244,-1.6497235363414546,3,2
497.7390549292205,-85.9694493582771,3,2
464.79448226641824,-80.98195780170512,3,2
482.4393281113844,-67.07172485823884,3,2
483.8185291786029,-80.6181566999724,3,2
461.55535588143033,-84.7190559352129,3,2
461.93373389095956,-43.04105375324508,3,2
485.8735062400121,-162.13725731530005,3,2
488.00998731290775,-64.95321994251533,3,2
468.01818743693,-79.31895635663294,3,2
502.529634780193,-36.10421899351691,3,2
445.8270341794275,-49.18369115092058,3,2
440.0510730182489,-99.6478121846803,3,2
450.5669615653098,-29.25035491840191,3,2
498.11021870034494,-36.59149655601375,3,2
491.3976099257345,-33.35974272151836,3,2
450.50883232617724,-32.74770319884596,3,2
493.85438039848043,-19.936307827261295,3,2
505.5785773346438,-18.175104441672154,3,2
480.50396832815557,-4.17851279218321,3,2
469.1944926505967,-59.597811519610936,3,2
465.1079910816871,-52.347079344193595,3,2
-187.0,498.0,4,0
309.0,-413.0,4,2
-556.0,-518.0,4,1
546.0,-243.0,4,2
489.0,335.0,4,2
-226.0,-439.0,4,1
-279.0,-151.0,4,1
436.0,-417.0,4,2
-490.0,-93.0,4,1
-306.0,303.0,4,0
373.0,31.0,4,2
450.0,132.0,4,2
-280.0,312.0,4,0
-164.0,180.0,4,0
476.0,125.0,4,2
-570.0,-264.0,4,1
-418.0,446.0,4,0
-57.0,497.0,4,0
433.0,59.0,4,2
-441.0,437.0,4,0
-189.0,411.0,4,0
-548.0,-193.0,4,1
246.0,445.0,4,2
453.0,102.0,4,2
-341.0,482.0,4,0
175.0,435.0,4,2
249.0,-247.0,4,2
498.0,272.0,4,2
390.0,417.0,4,2
577.0,519.0,4,2
-307.0,-392.0,4,1
511.0,217.0,4,2
-211.0,-276.0,4,1
339.0,288.0,4,2
580.0,67.0,4,2
32.0,-24.0,4,2
-464.0,-173.0,4,1
11.0,310.0,4,0
218.0,-460.0,4,1
506.0,-424.0,4,2
-403.0,23.0,4,0
90.0,-200.0,4,1
-130.0,-383.0,4,1
328.0,31.0,4,2
350.0,305.0,4,2
-426.0,-578.0,4,1
-366.0,436.0,4,0
524.0,328.0,4,2
-78.0,-170.0,4,1
192.0,-68.0,4,2
378.0,209.0,4,2
312.0,524.0,4,2
270.0,-61.0,4,2
423.0,-374.0,4,2
272.0,291.0,4,2
436.0,-391.0,4,2
140.0,-204.0,4,2
523.0,-570.0,4,2
297.0,48.0,4,2
-272.0,589.0,4,0
351.0,523.0,4,2
20.0,596.0,4,0
-439.0,175.0,4,0
-327.0,426.0,4,0
451.0,-275.0,4,2
339.0,572.0,4,2
-61.0,-113.0,4,1
221.0,488.0,4,2
-245.0,-366.0,4,1
-374.0,-552.0,4,1
-483.0,-547.0,4,1
-36.0,467.0,4,0
-548.0,-43.0,4,0
525.0,267.0,4,2
-203.0,561.0,4,0
74.0,-214.0,4,1
-490.0,13.0,4,0
-584.0,283.0,4,0
-60.0,-430.0,4,1
-192.0,139.0,4,0
257.0,-371.0,4,2
-482.0,579.0,4,0
183.0,-136.0,4,2
-497.0,97.0,4,0
-426.0,144.0,4,0
557.0,64.0,4,2
-568.0,-546.0,4,1
-82.0,155.0,4,0
-589.0,119.0,4,0
-46.0,-228.0,4,1
-117.0,372.0,4,0
22.0,-294.0,4,1
-144.0,-441.0,4,1
-270.0,175.0,4,0
-376.0,382.0,4,0
128.0,468.0,4,0
482.0,43.0,4,2
15.0,-406.0,4,1
-112.0,-444.0,4,1
9.0,-189.0,4,1
502.0,547.0,4,2
-130.0,-85.0,4,1
527.0,-208.0,4,2
30.0,7.0,4,2
379.0,-167.0,4,2
566.0,-61.0,4,2
-323.0,-368.0,4,1
513.0,-239.0,4,2
-575.0,448.0,4,0
-94.0,-334.0,4,1
-140.0,-145.0,4,1
491.0,406.0,4,2
262.0,-110.0,4,2
472.0,-37.0,4,2
525.0,-385.0,4,2
-42.0,-442.0,4,1
-112.0,85.0,4,0
193.0,-596.0,4,1
-240.0,-142.0,4,1
-353.0,345.0,4,0
-179.0,-586.0,4,1
135.0,545.0,4,0
-324.0,-148.0,4,1
-3.0,-155.0,4,1
-391.0,113.0,4,0
-299.0,-598.0,4,1
389.0,516.0,4,2
-81.0,-108.0,4,1
19.0,584.0,4,0
-270.0,-268.0,4,1
-551.0,262.0,4,0
-329.0,-21.0,4,0
-41.0,95.0,4,0
513.0,-155.0,4,2
416.0,562.0,4,2
-244.0,-327.0,4,1
442.0,-290.0,4,2
269.0,285.0,4,2
-447.0,19.0,4,0
282.0,196.0,4,2
-476.0,18.0,4,0
-356.0,247.0,4,0
-151.0,329.0,4,0
-81.0,564.0,4,0
-239.0,-593.0,4,1
-123.0,-106.0,4,1
232.0,462.0,4,2
-8.0,-414.0,4,1
153.0,-508.0,4,1
-515.0,467.0,4,0
-464.0,-180.0,4,1
-527.0,579.0,4,0
-430.0,-431.0,4,1
271.0,-279.0,4,2
-145.0,343.0,4,0
189.0,12.0,4,2
578.0,288.0,4,2
-252.0,596.0,4,0
-591.0,139.0,4,0
66.0,-55.0,4,2
-472.0,0.0,4,0
4.0,-274.0,4,1
379.0,-197.0,4,2
28.0,117.0,4,0
440.0,-327.0,4,2
84.0,-485.0,4,1
260.0,92.0,4,2
514.0,505.0,4,2
-277.0,360.0,4,0
-487.0,481.0,4,0
-447.0,-286.0,4,1
464.0,-496.0,4,2
-247.0,415.0,4,0
132.0,108.0,4,2
50.0,223.0,4,0
346.0,60.0,4,2
-502.0,-13.0,4,0
-319.0,-198.0,4,1
532.0,99.0,4,2
-402.0,-274.0,4,1
-447.0,-49.0,4,0
-196.0,-139.0,4,1
-469.0,190.0,4,0
273.0,-517.0,4,1
153.0,27.0,4,2
532.0,-380.0,4,2
-48.0,570.0,4,0
-489.0,14.0,4,0
323.0,-126.0,4,2
235.0,-330.0,4,2
-180.0,106.0,4,0
-561.0,-412.0,4,1
587.0,393.0,4,2
-65.0,427.0,4,0
-311.0,-168.0,4,1
-130.0,27.0,4,0
-322.0,276.0,4,0
-20.0,262.0,4,0
-347.0,-420.0,4,1
80.0,224.0,4,2
99.0,-35.0,4,2
79.0,-210.0,4,1
508.0,-389.0,4,2
-217.0,-259.0,4,1
243.0,461.0,4,2
-181.0,150.0,4,0
592.0,-295.0,4,2
101.0,268.0,4,2
-64.0,535.0,4,0
-395.0,-105.0,4,1
470.0,-97.0,4,2
445.0,-388.0,4,2
-291.0,60.0,4,0
152.0,-329.0,4,1
337.0,-569.0,4,1
-158.0,-439.0,4,1
166.0,-347.0,4,1
-80.0,376.0,4,0
-591.0,125.0,4,0
-96.0,184.0,4,0
-165.0,534.0,4,0
-448.0,316.0,4,0
268.0,525.0,4,2
152.0,-38.0,4,2
504.0,-112.0,4,2
294.0,511.0,4,2
-497.0,519.0,4,0
424.0,406.0,4,2
-194.0,-434.0,4,1
-92.0,-288.0,4,1
162.0,80.0,4,2
-124.0,-528.0,4,1
564.0,-19.0,4,2
-339.0,-356.0,4,1
-40.0,499.0,4,0
-426.0,-492.0,4,1
-418.0,-409.0,4,1
-536.0,362.0,4,0
523.0,263.0,4,2
551.0,-232.0,4,2
250.0,-558.0,4,1
-113.0,-523.0,4,1
225.0,73.0,4,2
100.0,158.0,4,2
127.0,324.0,4,2
301.0,288.0,4,2
392.0,591.0,4,2
-262.0,-408.0,4,1
-318.0,-211.0,4,1
399.0,-76.0,4,2
58.0,115.0,4,2
290.0,512.0,4,2
518.0,-149.0,4,2
-173.0,574.0,4,0
445.0,282.0,4,2
-288.0,239.0,4,0
-82.0,-226.0,4,1
-150.0,414.0,4,0
-6.0,-101.0,4,1
-137.0,547.0,4,0
-488.0,435.0,4,0
549.0,-270.0,4,2
-461.0,301.0,4,0
520.0,-84.0,4,2
-32.0,245.0,4,0
492.0,-483.0,4,2
287.0,482.0,4,2
456.0,-551.0,4,2
-582.0,125.0,4,0
-404.0,-42.0,4,0
-149.0,-312.0,4,1
564.0,507.0,4,2
-210.0,-386.0,4,1
-386.0,-473.0,4,1
159.0,-197.0,4,2
452.0,-263.0,4,2
230.0,113.0,4,2
-240.0,-32.0,4,0
-383.0,-399.0,4,1
-584.0,-279.0,4,1
-83.0,80.0,4,0
505.0,-176.0,4,2
418.0,-214.0,4,2
177.0,-503.0,4,1
-393.0,-15.0,4,0
-435.0,-579.0,4,1
-447.0,-382.0,4,1
68.0,-371.0,4,1
-581.0,-48.0,4,0
349.0,-453.0,4,2
531.0,-198.0,4,2
-5.0,-234.0,4,1
201.0,317.0,4,2
557.0,-528.0,4,2
-120.0,-41.0,4,1
144.0,-501.0,4,1
482.0,-93.0,4,2
-343.0,-188.0,4,1
488.0,-6.0,4,2
577.0,-335.0,4,2
